train_id,date,current_station,next_station,section,current_delay,current_speed,distance_to_next_station,scheduled_remaining_time,historical_section_median,historical_section_P90,historical_dwell_median,historical_delay,historical_recovery,time_of_day,day_of_week,preceding_train_delay,headway,distance_to_preceding_train,next_station_delay
22953,2025-09-10,Surat,Vadodara,BRC_SECTION,1.7,94.8,94.2,61.5,24.0,41.4,1.6,6.4,3.5,15,2,0.0,6.6,4.5,-3.0
12010,2025-04-08,Anand,Vadodara,BRC_SECTION,-2.0,75.4,106.6,90.4,42.5,67.5,2.5,5.9,3.7,19,1,2.1,4.8,0.8,6.2
12931,2025-11-07,Mumbai Central,Vadodara,BRC_SECTION,19.5,67.3,59.0,52.1,43.9,52.1,2.9,4.2,1.6,10,4,10.7,2.2,8.1,15.3
12010,2025-11-13,Vadodara,Ahmedabad,ADI_SECTION,14.6,62.8,35.6,37.4,34.4,54.7,3.8,10.0,5.3,5,3,0.0,11.0,6.3,10.3
12951,2025-09-21,Surat,Vadodara,BRC_SECTION,7.7,50.4,24.4,39.0,24.8,47.7,5.9,11.3,4.3,7,6,13.2,9.7,6.9,7.8
12010,2025-02-23,Vadodara,Ahmedabad,ADI_SECTION,6.8,65.6,40.7,37.9,29.8,46.0,5.3,5.0,3.8,21,6,0.0,9.9,9.1,5.2
22953,2025-10-19,Bharuch,Surat,ST_SECTION,8.9,74.2,25.1,24.7,22.3,36.9,2.3,5.2,6.6,21,6,10.8,7.3,7.2,4.7
12952,2025-06-17,Surat,Vadodara,BRC_SECTION,12.7,75.8,53.8,49.9,39.0,52.3,4.0,9.4,3.4,17,1,0.0,4.7,10.9,8.0
22954,2025-10-09,Bharuch,Surat,ST_SECTION,-1.0,48.6,118.4,167.4,27.7,37.6,5.7,4.9,4.3,18,3,0.0,12.6,7.4,6.8
12932,2025-02-11,Ahmedabad,Sabarmati,SBT_SECTION,4.4,67.3,81.8,81.1,29.3,46.8,3.1,3.9,2.9,18,1,9.0,10.6,7.9,5.7
12951,2025-09-30,Bharuch,Surat,ST_SECTION,8.0,58.1,70.0,81.3,36.8,53.3,2.9,13.4,2.7,6,1,7.5,7.0,6.2,9.7
12951,2025-09-28,Delhi,Jaipur,JP_SECTION,9.2,47.0,70.8,89.3,37.6,50.1,2.2,5.4,1.7,10,6,3.9,10.2,11.3,12.0
12010,2025-01-19,Anand,Vadodara,BRC_SECTION,6.0,58.8,51.4,55.2,15.0,28.6,4.2,6.7,2.2,21,6,8.9,11.7,2.1,7.6
22953,2025-03-03,Surat,Vadodara,BRC_SECTION,6.7,93.2,98.6,62.1,27.9,51.7,2.9,1.3,2.4,8,0,0.0,9.3,6.7,-0.0
12931,2025-08-14,Delhi,Jaipur,JP_SECTION,12.4,58.0,39.2,41.2,32.8,47.9,3.3,5.0,0.0,20,3,0.0,7.7,11.6,5.4
12932,2025-08-27,Mumbai Central,Vadodara,BRC_SECTION,-1.1,57.3,25.2,28.7,29.4,50.9,4.1,1.8,3.1,19,2,2.4,10.5,7.4,0.5
12009,2025-04-26,Anand,Vadodara,BRC_SECTION,14.3,74.8,69.7,64.1,46.4,67.3,4.3,0.8,0.0,17,5,4.4,8.5,2.9,7.6
12931,2025-02-25,Anand,Vadodara,BRC_SECTION,11.9,79.4,53.5,48.7,38.4,59.8,1.8,4.3,1.4,18,1,1.0,7.9,4.7,10.4
12010,2025-02-03,Delhi,Jaipur,JP_SECTION,9.9,70.0,22.7,19.4,37.8,59.9,5.0,11.4,2.4,10,0,6.9,9.9,8.5,13.2
12010,2025-10-13,Delhi,Jaipur,JP_SECTION,12.3,53.3,16.5,21.8,34.7,53.7,3.1,0.0,2.1,14,0,2.2,7.9,2.4,3.1
12931,2025-07-09,Delhi,Jaipur,JP_SECTION,10.8,69.9,10.6,16.6,36.9,48.3,3.6,4.2,1.8,6,2,0.4,10.5,7.1,10.7
12931,2025-08-13,Jaipur,Ajmer,AII_SECTION,6.9,58.2,113.5,124.7,35.5,58.0,3.7,6.3,0.0,21,2,16.4,8.2,5.6,12.5
12932,2025-06-25,Vadodara,Ahmedabad,ADI_SECTION,6.2,60.9,115.3,123.9,32.5,50.0,3.1,5.0,3.1,7,2,4.3,6.9,6.1,6.5
12931,2025-09-21,Bharuch,Surat,ST_SECTION,7.7,76.6,109.4,90.4,38.3,50.4,2.6,12.6,3.0,22,6,0.0,2.4,10.6,8.6
22953,2025-12-09,Delhi,Jaipur,JP_SECTION,7.2,58.0,28.9,33.7,48.5,57.1,2.1,5.0,1.0,7,1,7.9,3.8,10.9,6.0
12010,2025-05-04,Mumbai Central,Vadodara,BRC_SECTION,-2.0,38.1,56.5,91.5,34.1,53.3,3.9,5.0,2.7,16,6,8.6,7.7,6.6,0.4
12951,2025-03-04,Vadodara,Ahmedabad,ADI_SECTION,6.3,90.5,91.2,68.1,31.8,49.4,4.3,10.9,0.0,15,1,0.2,10.4,5.8,5.8
12931,2025-08-13,Delhi,Jaipur,JP_SECTION,5.6,73.5,78.6,70.8,33.9,44.5,4.5,8.3,0.7,12,2,7.5,9.9,3.5,7.3
12932,2025-08-15,Delhi,Jaipur,JP_SECTION,-0.2,63.3,113.3,107.6,31.7,48.0,2.6,6.8,2.8,21,4,7.4,5.1,9.1,5.0
12009,2025-04-22,Jaipur,Ajmer,AII_SECTION,13.7,76.9,63.1,65.6,29.7,53.9,3.3,5.8,2.7,18,1,0.8,3.3,11.3,9.1
12931,2025-07-10,Anand,Vadodara,BRC_SECTION,4.1,73.0,74.6,78.7,19.7,43.6,5.6,7.5,1.3,16,3,4.9,13.9,9.4,2.8
22954,2025-12-18,Anand,Vadodara,BRC_SECTION,15.1,52.6,69.9,86.3,29.0,46.8,4.1,13.3,2.7,8,3,0.0,2.7,11.8,14.9
12932,2025-05-25,Ahmedabad,Sabarmati,SBT_SECTION,5.1,92.4,55.2,43.6,43.4,59.1,2.3,9.0,5.0,7,6,3.4,14.2,1.0,7.6
12932,2025-12-02,Anand,Vadodara,BRC_SECTION,-0.9,51.2,26.7,35.3,25.4,44.9,5.0,4.5,4.4,17,1,9.8,11.1,4.2,5.9
12931,2025-09-03,Ahmedabad,Sabarmati,SBT_SECTION,8.8,67.7,29.9,33.4,37.8,56.1,4.7,8.1,0.6,18,2,6.9,5.7,6.7,6.4
12952,2025-09-25,Surat,Vadodara,BRC_SECTION,2.9,62.0,86.8,89.7,37.3,61.5,4.3,7.2,2.0,11,3,2.9,11.3,11.1,0.7
12951,2025-01-08,Surat,Vadodara,BRC_SECTION,7.9,53.2,114.9,134.4,28.6,47.1,4.2,4.3,3.1,13,2,7.4,7.5,2.1,7.9
22953,2025-02-26,Mumbai Central,Vadodara,BRC_SECTION,13.2,57.6,87.6,96.5,23.2,47.3,3.5,3.7,0.8,11,2,3.8,6.0,9.4,10.2
12931,2025-10-21,Jaipur,Ajmer,AII_SECTION,-0.7,56.4,104.3,123.0,34.1,43.9,2.2,3.5,4.1,21,1,0.0,9.0,3.5,3.3
12932,2025-07-25,Mumbai Central,Vadodara,BRC_SECTION,0.1,84.1,60.7,43.8,31.0,48.9,4.9,6.1,2.6,19,4,0.0,6.2,7.9,-3.0
12010,2025-02-18,Delhi,Jaipur,JP_SECTION,4.5,58.9,16.1,15.4,44.9,55.8,5.2,1.4,3.3,6,1,2.9,12.8,9.0,5.7
22954,2025-11-23,Anand,Vadodara,BRC_SECTION,-2.0,56.7,63.8,66.7,35.2,54.1,3.4,10.9,2.8,16,6,10.2,11.3,7.0,3.7
12931,2025-12-31,Ahmedabad,Sabarmati,SBT_SECTION,1.6,56.3,59.7,65.4,23.0,38.6,2.8,11.4,1.0,13,2,1.4,18.3,8.4,5.0
12931,2025-07-13,Mumbai Central,Vadodara,BRC_SECTION,7.2,66.5,25.1,33.5,23.3,32.4,3.9,0.0,4.7,11,6,5.6,3.2,7.4,-0.6
12009,2025-10-16,Delhi,Jaipur,JP_SECTION,9.3,63.0,119.4,117.9,38.5,63.0,2.4,9.5,1.7,19,3,10.1,8.7,3.4,15.4
12932,2025-02-23,Mumbai Central,Vadodara,BRC_SECTION,-2.0,69.5,96.7,85.2,42.5,57.4,2.1,4.8,0.2,12,6,0.6,8.7,6.4,3.5
12932,2025-04-21,Jaipur,Ajmer,AII_SECTION,7.9,56.8,40.2,53.1,35.9,57.5,2.0,6.3,2.7,9,0,2.3,5.1,5.8,10.5
12951,2025-01-09,Jaipur,Ajmer,AII_SECTION,9.5,64.9,74.1,76.9,44.4,58.2,3.9,11.5,1.6,10,3,0.0,12.0,9.7,9.3
22954,2025-04-27,Jaipur,Ajmer,AII_SECTION,7.5,69.4,79.0,77.2,35.4,50.8,4.2,0.0,0.0,17,6,5.3,4.7,11.1,4.5
12010,2025-06-09,Jaipur,Ajmer,AII_SECTION,7.7,69.9,74.1,75.8,52.8,73.4,2.1,7.2,2.7,14,0,7.3,6.9,4.2,6.6
12951,2025-03-17,Mumbai Central,Vadodara,BRC_SECTION,12.8,51.0,31.4,35.2,30.6,40.6,4.8,5.2,2.0,15,0,5.4,3.7,8.8,11.9
22953,2025-06-29,Delhi,Jaipur,JP_SECTION,3.2,51.6,13.0,22.8,28.6,46.9,3.6,10.0,3.4,15,6,0.0,7.6,11.3,3.1
12931,2025-04-22,Vadodara,Ahmedabad,ADI_SECTION,13.5,57.2,65.4,79.0,34.7,52.3,2.7,5.5,1.5,6,1,3.8,6.2,10.0,12.6
12932,2025-03-10,Vadodara,Ahmedabad,ADI_SECTION,3.9,69.4,97.2,91.4,17.5,25.5,3.3,0.0,3.4,6,0,0.9,10.3,7.0,-1.9
22953,2025-06-10,Surat,Vadodara,BRC_SECTION,12.2,54.7,98.7,107.6,38.5,57.4,4.4,4.3,1.6,9,1,4.9,13.3,6.3,13.9
12010,2025-02-28,Ahmedabad,Sabarmati,SBT_SECTION,14.4,62.8,24.0,24.3,31.5,49.2,3.2,2.7,0.2,16,4,5.9,16.5,6.7,9.1
12932,2025-05-16,Jaipur,Ajmer,AII_SECTION,8.8,64.9,59.6,59.4,48.9,57.0,3.9,8.8,2.4,22,4,5.1,14.3,3.0,17.0
12932,2025-11-27,Mumbai Central,Vadodara,BRC_SECTION,11.4,45.9,23.9,38.9,32.5,55.6,3.8,9.3,2.9,17,3,1.5,7.7,0.8,9.6
22954,2025-11-20,Mumbai Central,Vadodara,BRC_SECTION,6.0,54.5,44.7,57.3,27.4,47.0,3.0,7.8,3.0,14,3,0.0,8.5,3.7,5.2
12010,2025-02-12,Ahmedabad,Sabarmati,SBT_SECTION,10.4,80.4,22.3,27.7,15.3,32.5,1.7,4.7,1.8,21,2,0.9,7.3,3.2,-0.2
12009,2025-06-18,Mumbai Central,Vadodara,BRC_SECTION,16.6,58.8,12.8,15.3,28.6,47.5,4.4,9.3,1.0,12,2,7.1,4.1,4.8,7.3
12952,2025-02-22,Anand,Vadodara,BRC_SECTION,1.5,67.7,102.1,96.0,25.5,42.4,2.2,5.4,0.0,5,5,5.1,6.5,2.6,3.4
12932,2025-08-15,Bharuch,Surat,ST_SECTION,6.5,82.6,15.9,19.0,28.7,38.3,2.2,1.1,3.2,17,4,0.0,11.1,1.0,-0.5
22953,2025-02-23,Anand,Vadodara,BRC_SECTION,0.9,93.3,26.3,21.3,28.7,50.5,4.4,0.0,4.0,6,6,12.5,8.9,4.9,-3.0
12932,2025-08-18,Jaipur,Ajmer,AII_SECTION,13.5,73.2,34.4,30.0,32.9,57.5,4.2,8.2,3.5,7,0,9.6,10.1,4.0,14.8
12932,2025-05-16,Jaipur,Ajmer,AII_SECTION,-0.6,78.5,119.1,89.3,36.8,60.6,2.9,10.5,3.3,22,4,4.7,7.5,7.0,1.3
12009,2025-05-29,Delhi,Jaipur,JP_SECTION,1.8,50.9,40.2,49.2,37.7,59.2,2.9,13.4,1.2,5,3,4.0,6.5,4.7,6.4
12952,2025-12-16,Vadodara,Ahmedabad,ADI_SECTION,10.9,80.0,59.1,49.2,23.4,47.3,3.1,10.3,2.4,9,1,7.3,7.5,0.8,5.6
12931,2025-02-13,Mumbai Central,Vadodara,BRC_SECTION,-0.3,71.0,26.3,20.7,32.0,55.0,4.9,11.2,2.7,14,3,0.7,8.4,6.9,2.2
12010,2025-06-26,Anand,Vadodara,BRC_SECTION,12.3,62.0,83.6,91.1,37.1,45.4,2.7,1.3,3.9,7,3,0.8,6.8,6.0,8.6
12009,2025-08-19,Mumbai Central,Vadodara,BRC_SECTION,7.2,65.4,56.9,57.1,20.9,42.6,2.7,9.5,0.9,10,1,5.4,5.0,4.6,8.6
12932,2025-04-06,Surat,Vadodara,BRC_SECTION,3.4,82.0,78.2,58.5,35.2,55.8,3.8,1.6,0.8,17,6,6.6,10.6,3.6,0.9
22953,2025-08-11,Jaipur,Ajmer,AII_SECTION,11.5,55.1,43.7,56.2,34.8,58.1,4.4,2.5,3.3,15,0,6.3,9.9,4.8,8.3
12951,2025-01-06,Delhi,Jaipur,JP_SECTION,0.1,52.4,75.1,85.6,23.1,41.7,4.5,7.7,5.7,11,0,9.6,4.3,6.9,3.0
22953,2025-07-13,Ahmedabad,Sabarmati,SBT_SECTION,11.4,39.6,39.8,66.2,26.5,44.9,5.1,5.1,2.7,15,6,6.3,9.5,5.7,4.8
12951,2025-06-02,Vadodara,Ahmedabad,ADI_SECTION,13.5,69.3,104.0,100.5,35.5,56.0,2.7,2.1,4.1,8,0,18.4,7.8,10.0,15.8
22953,2025-11-08,Surat,Vadodara,BRC_SECTION,10.5,85.5,36.6,28.9,30.8,49.8,3.2,6.0,3.2,16,5,0.0,6.3,4.4,4.0
12010,2025-09-01,Mumbai Central,Vadodara,BRC_SECTION,-2.0,76.9,76.6,63.0,29.3,51.6,3.6,8.5,0.0,18,0,0.0,8.5,8.7,2.6
12951,2025-07-05,Anand,Vadodara,BRC_SECTION,7.7,68.3,77.3,71.0,16.2,40.0,4.3,7.6,0.3,18,5,0.0,7.9,5.8,3.9
12009,2025-01-22,Bharuch,Surat,ST_SECTION,11.7,46.6,67.7,99.4,41.2,50.8,4.8,15.0,2.7,17,2,0.0,6.3,0.8,17.5
12951,2025-09-16,Bharuch,Surat,ST_SECTION,-0.1,75.6,96.1,86.4,33.5,50.2,2.5,2.6,2.8,12,1,0.2,3.9,9.5,0.3
12932,2025-09-17,Ahmedabad,Sabarmati,SBT_SECTION,5.3,60.6,108.0,110.4,23.1,43.3,5.7,3.1,2.9,10,2,6.1,4.6,6.9,8.1
12952,2025-05-11,Anand,Vadodara,BRC_SECTION,9.9,69.9,100.2,87.9,27.3,42.1,2.7,0.0,4.6,14,6,2.0,8.3,1.3,0.3
12952,2025-11-06,Anand,Vadodara,BRC_SECTION,4.6,63.5,11.5,11.7,47.7,65.4,3.6,10.2,0.5,7,3,8.2,4.6,7.4,7.5
12932,2025-10-04,Mumbai Central,Vadodara,BRC_SECTION,12.1,57.6,28.3,27.2,36.4,54.0,2.1,6.2,1.3,12,5,1.8,5.5,6.5,4.4
12931,2025-05-31,Vadodara,Ahmedabad,ADI_SECTION,6.5,75.0,29.5,26.0,37.1,56.2,5.1,13.0,2.8,13,5,7.7,11.7,6.0,7.1
22953,2025-12-22,Delhi,Jaipur,JP_SECTION,3.4,82.9,103.0,74.7,27.0,49.4,3.8,10.5,3.2,5,0,1.4,10.9,6.6,-0.4
12951,2025-01-10,Mumbai Central,Vadodara,BRC_SECTION,17.3,55.8,89.0,108.9,29.7,40.6,2.4,4.1,2.1,22,4,3.8,9.8,4.0,17.5
22953,2025-03-26,Delhi,Jaipur,JP_SECTION,2.2,80.9,30.5,28.5,28.9,41.9,2.4,10.5,1.8,20,2,0.0,7.5,7.5,2.0
12010,2025-07-11,Anand,Vadodara,BRC_SECTION,8.2,88.6,28.7,21.0,31.5,45.4,3.2,5.1,0.8,10,4,13.7,7.1,6.9,1.0
12952,2025-06-22,Vadodara,Ahmedabad,ADI_SECTION,5.6,69.8,11.2,14.0,21.7,36.6,4.4,11.6,1.8,21,6,0.7,6.3,2.5,5.9
12931,2025-04-28,Vadodara,Ahmedabad,ADI_SECTION,2.4,64.9,74.9,76.5,26.8,40.4,2.7,5.2,2.7,21,0,4.9,5.7,4.0,3.8
12009,2025-08-30,Jaipur,Ajmer,AII_SECTION,3.1,65.9,25.7,27.9,19.3,39.3,2.8,12.3,3.0,17,5,8.4,13.7,10.2,3.9
22954,2025-06-09,Surat,Vadodara,BRC_SECTION,0.3,82.6,61.7,46.2,37.6,49.6,2.0,3.5,2.5,20,0,4.1,11.7,7.6,0.1
12932,2025-07-11,Delhi,Jaipur,JP_SECTION,10.8,58.4,56.9,65.7,41.3,58.2,3.3,3.9,1.2,14,4,6.4,10.2,10.1,8.6
12931,2025-02-27,Mumbai Central,Vadodara,BRC_SECTION,7.2,58.2,23.4,31.8,18.1,31.7,2.6,4.2,1.0,11,3,10.7,10.3,5.8,4.9
12009,2025-03-13,Surat,Vadodara,BRC_SECTION,15.7,70.1,101.2,90.1,21.3,41.3,4.4,6.5,2.9,19,3,7.7,10.3,5.4,9.9
12010,2025-09-09,Delhi,Jaipur,JP_SECTION,10.5,67.4,54.5,55.8,42.0,55.6,1.5,8.7,5.4,19,1,2.8,9.3,6.6,14.1
12932,2025-01-02,Ahmedabad,Sabarmati,SBT_SECTION,9.0,70.8,80.9,80.3,38.8,51.4,4.5,0.1,4.0,12,3,11.9,10.7,8.5,3.6
12952,2025-12-02,Ahmedabad,Sabarmati,SBT_SECTION,-2.0,87.2,41.1,34.8,38.3,50.4,4.5,11.9,1.5,6,1,1.9,7.4,2.9,0.8
12010,2025-10-13,Ahmedabad,Sabarmati,SBT_SECTION,7.5,60.3,45.9,48.3,31.4,49.7,6.2,0.0,3.2,22,0,5.3,4.1,3.2,8.1
12932,2025-05-08,Mumbai Central,Vadodara,BRC_SECTION,4.1,56.7,79.1,92.1,43.5,52.1,1.5,10.7,1.3,14,3,0.0,4.1,2.3,12.3
12952,2025-10-09,Anand,Vadodara,BRC_SECTION,4.2,69.2,91.3,83.2,32.2,44.6,4.8,2.8,2.2,17,3,5.5,9.6,3.8,1.7
22954,2025-04-09,Ahmedabad,Sabarmati,SBT_SECTION,4.9,48.0,101.9,138.5,30.7,45.3,3.9,7.9,3.8,13,2,5.4,5.5,2.5,9.7
12010,2025-12-12,Jaipur,Ajmer,AII_SECTION,6.2,61.6,10.2,18.0,24.8,35.0,5.3,9.3,3.6,17,4,14.2,5.3,8.6,6.3
12951,2025-02-27,Surat,Vadodara,BRC_SECTION,3.6,73.2,100.4,93.0,27.9,46.2,4.7,10.1,3.7,17,3,8.6,14.8,4.7,6.5
12010,2025-01-13,Ahmedabad,Sabarmati,SBT_SECTION,11.4,87.6,113.8,90.4,18.0,29.4,5.0,3.6,3.8,22,0,9.1,6.4,5.5,3.1
12009,2025-01-31,Mumbai Central,Vadodara,BRC_SECTION,-0.9,68.8,63.6,58.2,40.5,53.8,4.0,2.3,2.7,21,4,0.0,9.0,7.6,2.5
12951,2025-10-13,Anand,Vadodara,BRC_SECTION,9.8,70.1,18.4,25.7,34.6,47.1,3.2,10.3,3.1,21,0,0.0,6.2,0.8,8.6
12951,2025-07-31,Jaipur,Ajmer,AII_SECTION,3.0,58.0,71.1,73.1,27.8,47.0,3.7,6.6,1.7,20,3,2.7,9.0,4.6,3.1
22954,2025-04-03,Anand,Vadodara,BRC_SECTION,3.7,82.2,39.4,32.0,30.1,49.5,3.2,11.3,2.5,8,3,6.1,10.9,9.1,1.4
12931,2025-09-06,Vadodara,Ahmedabad,ADI_SECTION,16.6,54.9,88.6,103.2,24.8,37.2,4.5,0.0,2.9,14,5,11.8,7.3,10.4,10.4
12951,2025-07-31,Jaipur,Ajmer,AII_SECTION,13.3,75.6,15.5,14.4,30.0,46.3,5.2,5.4,4.4,14,3,6.4,7.9,3.9,6.2
12952,2025-02-22,Jaipur,Ajmer,AII_SECTION,1.2,62.7,53.7,57.5,35.8,55.2,3.3,5.6,0.3,10,5,7.5,5.9,4.6,0.2
12931,2025-10-07,Bharuch,Surat,ST_SECTION,2.8,57.8,101.3,117.9,33.8,42.1,2.3,9.4,1.1,10,1,5.2,7.3,14.2,5.9
12951,2025-04-30,Bharuch,Surat,ST_SECTION,9.3,86.6,37.9,24.7,24.0,45.2,6.4,11.5,2.4,18,2,6.9,8.8,1.2,5.4
12951,2025-06-14,Mumbai Central,Vadodara,BRC_SECTION,13.6,57.1,55.6,61.8,16.6,28.8,3.3,5.0,1.0,21,5,8.4,7.7,9.0,9.1
12951,2025-06-22,Vadodara,Ahmedabad,ADI_SECTION,2.1,74.7,41.7,39.7,21.5,38.0,4.5,4.6,0.1,14,6,4.8,5.4,4.5,1.6
22954,2025-04-24,Vadodara,Ahmedabad,ADI_SECTION,2.2,87.5,111.9,78.1,26.2,49.0,3.1,7.3,4.1,6,3,0.0,8.8,3.1,0.1
12010,2025-06-12,Ahmedabad,Sabarmati,SBT_SECTION,6.9,40.1,62.2,95.8,15.0,30.6,1.8,11.3,1.8,21,3,7.2,2.7,7.7,1.1
12932,2025-07-06,Mumbai Central,Vadodara,BRC_SECTION,5.4,55.1,66.2,67.4,35.9,46.4,2.2,7.5,1.8,15,6,5.0,3.4,5.3,5.4
12932,2025-05-24,Jaipur,Ajmer,AII_SECTION,0.3,78.3,24.1,23.0,32.9,48.9,4.5,9.7,2.2,8,5,9.9,8.9,5.6,6.7
22953,2025-10-30,Anand,Vadodara,BRC_SECTION,3.2,60.3,110.7,116.8,24.8,37.6,2.3,10.6,3.9,16,3,0.0,4.3,3.4,5.1
22954,2025-12-12,Mumbai Central,Vadodara,BRC_SECTION,-0.8,59.8,39.1,42.4,39.0,55.7,5.1,6.2,2.0,17,4,0.8,11.7,0.8,2.1
12009,2025-11-22,Anand,Vadodara,BRC_SECTION,8.9,59.0,11.2,18.8,31.9,46.9,2.1,9.8,4.0,9,5,1.1,8.2,8.5,4.2
22954,2025-10-13,Jaipur,Ajmer,AII_SECTION,5.7,71.1,118.5,107.8,18.0,26.0,6.0,2.4,1.3,14,0,0.0,10.7,0.8,3.2
12932,2025-05-24,Bharuch,Surat,ST_SECTION,3.5,59.0,61.6,63.5,31.5,46.9,6.4,0.0,2.1,13,5,2.1,6.7,5.4,1.5
12931,2025-05-02,Mumbai Central,Vadodara,BRC_SECTION,13.9,83.7,28.1,21.9,26.9,48.8,1.9,1.3,4.3,21,4,5.6,9.8,6.7,5.3
12931,2025-04-17,Vadodara,Ahmedabad,ADI_SECTION,11.5,81.0,12.2,13.9,40.2,49.7,3.7,7.1,4.3,13,3,10.7,5.3,7.8,7.2
22953,2025-12-01,Jaipur,Ajmer,AII_SECTION,6.2,70.8,66.9,61.6,44.3,67.7,4.8,5.5,3.4,16,0,6.3,3.0,12.1,3.8
22954,2025-08-27,Mumbai Central,Vadodara,BRC_SECTION,13.2,83.5,24.6,23.2,34.7,45.5,5.1,10.2,3.8,7,2,9.0,10.2,2.0,14.3
12932,2025-05-13,Mumbai Central,Vadodara,BRC_SECTION,-2.0,66.9,101.2,99.8,35.6,44.5,3.2,4.6,1.6,14,1,1.1,9.8,5.0,-1.1
12951,2025-09-11,Surat,Vadodara,BRC_SECTION,12.7,56.0,61.3,69.7,32.5,56.6,2.7,10.3,3.2,22,3,0.0,7.1,4.8,9.7
12952,2025-02-07,Ahmedabad,Sabarmati,SBT_SECTION,8.4,63.5,96.1,93.3,41.8,58.5,4.6,6.2,2.5,22,4,5.2,5.3,6.1,14.4
22953,2025-03-31,Vadodara,Ahmedabad,ADI_SECTION,-2.0,71.6,99.4,84.3,34.7,46.0,4.0,7.8,3.4,6,0,4.2,8.0,3.3,0.9
12010,2025-12-06,Anand,Vadodara,BRC_SECTION,5.3,65.4,24.0,22.1,31.9,44.9,1.0,8.0,4.2,19,5,2.0,2.0,8.3,4.5
22954,2025-06-21,Bharuch,Surat,ST_SECTION,-2.0,55.6,41.0,50.4,36.9,58.6,3.5,5.0,0.7,16,5,9.9,9.0,9.2,4.6
12951,2025-02-22,Delhi,Jaipur,JP_SECTION,8.2,84.2,77.6,51.9,24.2,46.5,4.5,5.1,5.5,8,5,9.5,5.2,2.4,3.0
12951,2025-01-22,Vadodara,Ahmedabad,ADI_SECTION,17.3,61.6,28.2,43.5,33.9,50.1,2.2,12.4,3.0,22,2,8.3,12.4,11.5,14.8
12951,2025-07-21,Surat,Vadodara,BRC_SECTION,14.9,63.8,99.7,103.4,26.9,37.1,3.7,3.1,4.2,19,0,11.1,4.5,4.8,15.5
22953,2025-01-21,Delhi,Jaipur,JP_SECTION,12.2,66.0,37.9,40.4,39.5,59.9,4.5,7.1,3.6,8,1,5.3,2.4,0.8,8.9
12010,2025-11-04,Ahmedabad,Sabarmati,SBT_SECTION,15.6,83.3,48.7,38.7,52.5,70.7,6.1,0.7,1.7,21,1,0.0,4.2,7.0,13.0
12932,2025-04-29,Bharuch,Surat,ST_SECTION,0.9,61.3,23.1,27.1,27.5,35.7,3.1,6.6,2.1,7,1,5.5,2.0,5.0,3.5
12932,2025-03-16,Anand,Vadodara,BRC_SECTION,10.7,82.8,51.1,45.8,30.8,46.9,4.2,4.7,3.4,11,6,4.1,11.7,6.6,5.3
12951,2025-11-08,Delhi,Jaipur,JP_SECTION,16.4,83.4,57.2,46.2,32.1,47.1,3.2,12.2,2.2,5,5,9.1,7.7,3.3,8.7
12952,2025-01-25,Bharuch,Surat,ST_SECTION,9.2,51.2,77.6,103.7,37.8,50.7,5.5,0.0,1.4,13,5,4.2,3.4,4.2,10.9
12009,2025-11-26,Anand,Vadodara,BRC_SECTION,1.0,54.9,32.2,41.3,38.2,50.7,2.5,3.1,0.2,18,2,5.9,4.5,5.9,4.5
12009,2025-05-28,Delhi,Jaipur,JP_SECTION,15.9,72.0,11.4,17.4,20.1,35.4,3.6,5.7,1.3,21,2,10.9,3.6,2.9,14.2
12932,2025-04-21,Mumbai Central,Vadodara,BRC_SECTION,11.2,76.8,74.0,60.2,16.4,34.4,4.1,13.0,1.3,16,0,1.0,8.3,10.4,6.4
12010,2025-10-11,Ahmedabad,Sabarmati,SBT_SECTION,7.3,86.7,90.2,68.0,28.6,39.1,2.9,2.4,3.5,7,5,0.0,5.0,0.8,2.8
12951,2025-05-06,Jaipur,Ajmer,AII_SECTION,13.3,70.2,41.0,43.9,29.8,47.9,2.6,0.0,1.6,15,1,14.5,7.3,5.1,6.6
12952,2025-03-07,Anand,Vadodara,BRC_SECTION,-2.0,72.9,84.4,75.2,23.8,42.6,3.6,9.6,1.2,11,4,5.0,13.7,4.0,0.5
12931,2025-01-26,Delhi,Jaipur,JP_SECTION,-1.9,61.6,52.7,59.1,33.1,41.1,3.0,0.0,2.3,17,6,10.1,5.7,6.9,4.1
12009,2025-06-07,Jaipur,Ajmer,AII_SECTION,12.7,55.0,88.6,101.9,43.7,63.7,3.4,2.8,3.6,15,5,1.4,6.9,4.3,10.7
22954,2025-08-17,Vadodara,Ahmedabad,ADI_SECTION,0.8,65.1,20.2,27.7,22.7,44.2,4.4,15.0,0.8,8,6,6.9,7.9,6.4,0.2
12952,2025-03-17,Anand,Vadodara,BRC_SECTION,7.8,90.8,52.6,37.8,33.3,48.9,4.7,5.4,1.2,10,0,1.2,8.8,6.4,4.7
12009,2025-06-07,Vadodara,Ahmedabad,ADI_SECTION,6.0,72.2,46.3,35.6,29.8,43.3,4.7,12.5,3.0,6,5,2.1,8.9,6.2,4.2
12932,2025-08-08,Vadodara,Ahmedabad,ADI_SECTION,4.2,65.1,57.1,59.1,36.1,45.9,1.0,8.4,2.4,8,4,0.0,11.3,9.1,8.4
12010,2025-03-22,Surat,Vadodara,BRC_SECTION,5.6,85.8,64.9,50.1,35.1,52.5,4.0,14.9,4.2,6,5,0.0,13.7,6.0,6.1
12952,2025-08-02,Surat,Vadodara,BRC_SECTION,1.8,78.2,77.4,59.7,27.7,37.7,4.2,3.2,1.5,8,5,0.8,7.4,10.8,-0.7
12010,2025-08-09,Jaipur,Ajmer,AII_SECTION,9.1,91.8,35.6,28.8,35.9,60.5,2.5,5.7,3.0,20,5,8.4,8.5,5.4,7.2
22953,2025-09-07,Bharuch,Surat,ST_SECTION,-1.6,65.3,62.6,60.5,32.3,56.6,1.4,6.7,1.4,6,6,10.3,2.0,9.2,3.8
12932,2025-12-14,Vadodara,Ahmedabad,ADI_SECTION,8.4,87.3,35.5,22.0,48.5,64.9,4.2,6.7,5.0,15,6,0.0,10.6,5.8,1.8
12931,2025-07-09,Anand,Vadodara,BRC_SECTION,5.4,72.3,87.6,74.2,18.9,29.2,4.0,0.3,3.8,13,2,3.8,13.0,7.3,-2.1
12932,2025-02-25,Surat,Vadodara,BRC_SECTION,14.8,70.7,91.9,82.1,34.7,43.0,3.2,13.1,1.4,20,1,7.4,8.3,3.9,15.0
12951,2025-06-13,Ahmedabad,Sabarmati,SBT_SECTION,1.4,69.6,99.7,92.2,39.2,54.6,3.4,1.8,2.1,11,4,6.6,2.0,4.5,3.9
12951,2025-03-09,Surat,Vadodara,BRC_SECTION,1.0,34.9,67.2,121.4,23.9,39.3,6.2,7.8,0.1,6,6,10.0,8.4,4.3,2.1
12931,2025-12-14,Delhi,Jaipur,JP_SECTION,2.3,88.4,12.0,26.0,43.9,62.8,2.5,2.4,1.9,16,6,0.0,8.8,6.3,-2.5
12932,2025-09-21,Ahmedabad,Sabarmati,SBT_SECTION,9.7,60.0,118.2,130.3,37.8,51.8,4.5,3.3,5.3,12,6,1.3,7.6,9.1,8.0
12010,2025-02-07,Bharuch,Surat,ST_SECTION,10.7,71.8,74.8,68.0,42.0,66.6,2.9,0.0,2.9,13,4,12.9,11.0,2.5,11.0
12952,2025-04-24,Vadodara,Ahmedabad,ADI_SECTION,4.7,46.3,77.4,101.4,15.0,28.3,3.8,6.6,2.7,12,3,13.5,14.1,3.4,2.4
12931,2025-09-11,Ahmedabad,Sabarmati,SBT_SECTION,2.9,61.7,45.2,47.5,24.8,45.8,2.9,8.5,3.5,19,3,4.7,9.4,5.5,3.8
12951,2025-05-15,Surat,Vadodara,BRC_SECTION,11.4,80.9,95.8,72.5,23.3,37.8,3.7,0.7,4.1,18,3,2.5,6.6,8.5,7.5
12931,2025-05-20,Delhi,Jaipur,JP_SECTION,9.5,68.2,84.0,71.0,34.4,49.6,3.7,6.1,3.7,9,1,0.0,5.3,5.8,1.3
12932,2025-11-21,Vadodara,Ahmedabad,ADI_SECTION,3.4,66.5,55.8,44.7,45.9,64.6,2.1,0.0,2.5,12,4,9.2,7.5,10.2,3.9
22954,2025-12-08,Surat,Vadodara,BRC_SECTION,14.5,68.5,31.4,20.3,36.2,49.7,1.5,2.5,0.0,22,0,5.4,9.1,7.2,8.1
12931,2025-05-31,Bharuch,Surat,ST_SECTION,10.6,52.5,92.7,111.3,28.3,43.7,3.3,5.5,4.1,17,5,8.9,9.1,8.2,13.2
22954,2025-05-24,Anand,Vadodara,BRC_SECTION,5.8,67.6,31.9,34.7,39.1,48.7,3.0,0.0,1.3,8,5,8.0,2.0,7.4,5.5
12932,2025-09-04,Jaipur,Ajmer,AII_SECTION,8.3,77.0,31.9,27.7,34.2,55.5,3.5,3.7,1.4,21,3,3.1,10.2,11.1,9.2
12931,2025-01-01,Surat,Vadodara,BRC_SECTION,1.6,70.6,71.9,63.8,31.1,39.4,2.1,8.2,2.4,16,2,2.4,6.0,2.1,-1.3
12009,2025-09-14,Ahmedabad,Sabarmati,SBT_SECTION,12.2,70.8,98.4,95.1,25.3,38.6,1.5,4.9,1.6,9,6,1.4,13.3,5.0,9.4
12931,2025-05-27,Ahmedabad,Sabarmati,SBT_SECTION,0.3,78.6,95.1,78.6,39.2,48.8,3.2,9.5,1.8,10,1,0.6,8.4,4.5,6.2
12952,2025-11-02,Ahmedabad,Sabarmati,SBT_SECTION,-2.0,72.3,72.5,69.5,32.4,52.9,4.4,6.4,2.3,15,6,9.3,6.7,7.2,3.2
22953,2025-03-31,Jaipur,Ajmer,AII_SECTION,14.4,70.9,96.7,91.1,44.4,58.6,5.4,5.0,3.4,11,0,14.5,2.7,5.5,13.1
22953,2025-11-13,Surat,Vadodara,BRC_SECTION,4.6,56.0,63.6,70.3,41.8,60.2,4.3,4.0,4.6,19,3,0.0,3.6,11.0,3.4
12931,2025-06-28,Anand,Vadodara,BRC_SECTION,15.0,65.1,26.9,31.4,33.5,41.7,2.6,6.0,3.7,9,5,0.0,7.2,8.2,8.0
12010,2025-02-23,Mumbai Central,Vadodara,BRC_SECTION,2.6,77.8,85.6,75.3,26.7,35.0,4.3,7.3,4.1,11,6,1.8,6.8,5.8,4.8
22953,2025-05-07,Bharuch,Surat,ST_SECTION,7.0,37.6,40.0,69.3,34.1,47.2,4.6,9.4,0.6,7,2,4.3,5.2,2.2,10.6
22954,2025-10-16,Surat,Vadodara,BRC_SECTION,14.5,72.6,68.5,61.3,19.6,32.6,4.2,4.7,2.1,15,3,5.7,9.2,6.7,-0.1
22953,2025-06-14,Delhi,Jaipur,JP_SECTION,17.2,66.4,23.0,23.1,29.4,49.1,3.2,11.8,3.3,5,5,8.1,7.0,2.2,20.2
22954,2025-01-04,Anand,Vadodara,BRC_SECTION,7.0,52.8,16.3,27.9,21.4,36.9,2.8,8.0,2.0,8,5,6.6,8.3,3.7,3.4
12009,2025-12-26,Surat,Vadodara,BRC_SECTION,0.7,91.5,90.2,65.5,27.1,45.9,4.4,8.7,2.3,19,4,7.0,7.0,0.8,1.8
12932,2025-02-13,Anand,Vadodara,BRC_SECTION,4.6,53.4,35.8,45.8,29.7,48.0,3.2,0.0,1.6,5,3,2.8,10.0,6.6,3.4
12009,2025-10-22,Jaipur,Ajmer,AII_SECTION,11.3,66.3,33.6,37.1,32.6,49.8,2.9,2.9,1.8,12,2,1.9,9.9,9.4,2.6
12951,2025-05-06,Jaipur,Ajmer,AII_SECTION,9.2,71.6,105.7,91.0,46.6,58.1,3.0,4.3,0.9,15,1,2.6,6.9,5.1,10.5
22954,2025-09-28,Vadodara,Ahmedabad,ADI_SECTION,9.2,54.8,55.4,62.7,27.5,45.9,4.6,3.6,2.8,9,6,0.0,8.2,4.9,5.0
22953,2025-06-07,Bharuch,Surat,ST_SECTION,-2.0,63.7,81.8,79.9,51.2,73.2,3.2,6.6,2.6,21,5,0.2,8.9,4.8,1.4
22954,2025-08-08,Ahmedabad,Sabarmati,SBT_SECTION,6.8,67.7,75.2,71.3,33.3,43.4,2.4,7.0,2.0,12,4,6.7,9.6,3.6,4.5
22954,2025-01-05,Ahmedabad,Sabarmati,SBT_SECTION,2.1,79.5,55.7,46.0,33.3,45.6,4.6,1.0,1.8,21,6,19.3,13.1,11.2,6.3
12931,2025-09-09,Anand,Vadodara,BRC_SECTION,-2.0,64.1,52.2,53.9,31.8,41.5,2.4,16.1,3.7,9,1,4.3,5.6,15.0,5.1
22954,2025-02-18,Mumbai Central,Vadodara,BRC_SECTION,-2.0,55.6,102.4,118.9,48.8,71.9,1.0,11.7,1.4,6,1,17.9,6.4,3.8,7.5
22954,2025-03-16,Delhi,Jaipur,JP_SECTION,2.7,77.1,105.8,87.0,30.7,40.8,5.3,9.4,4.0,17,6,6.1,11.9,6.7,-0.3
12010,2025-06-27,Ahmedabad,Sabarmati,SBT_SECTION,4.1,98.4,69.1,49.4,29.1,40.0,5.9,1.0,4.6,15,4,4.1,9.5,5.0,0.7
12009,2025-12-21,Bharuch,Surat,ST_SECTION,-2.0,75.9,96.2,77.4,31.3,54.1,4.1,7.4,1.3,16,6,0.0,7.9,5.4,-0.9
12009,2025-04-03,Mumbai Central,Vadodara,BRC_SECTION,11.4,90.2,65.2,48.5,42.4,53.9,3.2,0.0,4.8,22,3,0.0,6.0,5.0,1.3
12009,2025-08-23,Mumbai Central,Vadodara,BRC_SECTION,-0.1,77.0,86.5,68.5,26.6,47.0,3.9,1.6,3.7,9,5,0.0,7.3,7.4,-0.1
22954,2025-04-18,Anand,Vadodara,BRC_SECTION,8.9,52.5,48.0,58.4,24.7,41.2,3.2,7.2,3.5,11,4,2.8,7.8,1.4,5.3
12951,2025-01-25,Anand,Vadodara,BRC_SECTION,8.9,62.4,74.2,74.8,40.8,62.7,5.2,7.5,3.8,6,5,13.7,7.6,9.2,13.7
12932,2025-11-21,Vadodara,Ahmedabad,ADI_SECTION,9.1,55.1,19.2,24.5,27.8,49.9,4.6,1.2,3.2,17,4,6.6,9.0,6.3,10.5
12932,2025-05-31,Ahmedabad,Sabarmati,SBT_SECTION,8.1,60.4,36.4,41.6,16.6,41.3,4.1,0.6,0.7,22,5,7.8,9.7,9.8,1.2
12009,2025-04-16,Anand,Vadodara,BRC_SECTION,21.8,76.8,42.9,32.7,36.6,55.2,2.0,10.3,1.6,10,2,1.0,8.0,8.0,16.9
12931,2025-08-29,Anand,Vadodara,BRC_SECTION,23.2,76.4,108.3,88.3,29.7,52.4,5.1,12.7,3.3,12,4,7.3,8.6,1.6,16.1
22954,2025-08-16,Vadodara,Ahmedabad,ADI_SECTION,7.2,53.3,101.0,125.1,28.3,50.7,5.1,10.6,3.2,19,5,5.9,8.9,6.3,12.6
12932,2025-04-05,Jaipur,Ajmer,AII_SECTION,4.4,63.7,18.9,22.7,35.3,48.0,2.7,8.1,3.5,22,5,13.6,9.3,3.0,6.4
12010,2025-02-27,Jaipur,Ajmer,AII_SECTION,7.3,64.6,88.2,85.1,16.2,26.6,3.7,7.5,3.4,20,3,2.1,8.9,7.4,8.2
12932,2025-08-08,Bharuch,Surat,ST_SECTION,-2.0,44.5,55.5,83.0,45.1,66.4,2.1,2.5,3.5,16,4,0.2,9.4,5.0,3.0
12932,2025-08-01,Surat,Vadodara,BRC_SECTION,7.6,58.7,18.9,20.1,29.4,52.8,4.1,13.4,3.8,13,4,5.2,6.9,7.3,7.5
22953,2025-02-08,Surat,Vadodara,BRC_SECTION,1.9,69.4,12.7,14.6,45.4,66.1,3.9,0.0,1.4,21,5,6.8,9.0,7.9,6.4
12951,2025-07-21,Ahmedabad,Sabarmati,SBT_SECTION,18.5,55.4,44.0,55.0,34.6,59.1,5.3,8.6,4.3,7,0,5.9,11.0,7.0,11.5
12009,2025-02-04,Jaipur,Ajmer,AII_SECTION,10.8,68.2,88.0,84.3,20.4,31.4,5.6,6.3,3.0,17,1,1.1,11.7,7.1,9.8
12931,2025-02-02,Vadodara,Ahmedabad,ADI_SECTION,5.2,45.9,100.5,132.7,29.2,47.9,4.6,2.8,0.2,15,6,11.3,8.3,4.9,4.3
12010,2025-11-11,Surat,Vadodara,BRC_SECTION,6.7,88.0,117.9,90.0,39.2,62.4,1.9,9.2,2.4,6,1,7.4,3.0,7.7,12.7
12932,2025-12-01,Surat,Vadodara,BRC_SECTION,10.7,68.4,17.7,18.6,48.9,63.1,4.1,6.5,2.4,5,0,0.6,5.1,11.4,7.0
12952,2025-11-12,Surat,Vadodara,BRC_SECTION,-0.1,69.6,24.1,24.5,27.9,41.4,5.6,10.6,1.1,12,2,11.3,7.9,11.4,2.2
12009,2025-04-21,Mumbai Central,Vadodara,BRC_SECTION,2.4,67.5,49.4,55.3,37.7,51.8,3.1,8.4,3.4,5,0,5.1,13.1,9.9,4.1
12952,2025-09-28,Ahmedabad,Sabarmati,SBT_SECTION,6.5,110.0,33.4,23.9,46.4,66.0,2.0,8.9,3.1,5,6,10.5,6.9,10.4,5.5
12931,2025-04-09,Surat,Vadodara,BRC_SECTION,4.7,60.8,35.4,40.2,33.3,55.0,4.9,10.4,3.4,20,2,0.0,6.6,5.4,7.0
12009,2025-11-19,Delhi,Jaipur,JP_SECTION,7.8,76.7,58.1,49.9,16.0,24.3,1.3,9.2,2.4,19,2,2.1,7.3,1.9,8.2
12931,2025-07-11,Delhi,Jaipur,JP_SECTION,1.9,59.7,87.1,93.0,15.1,32.1,2.9,7.4,0.8,16,4,13.8,9.7,7.9,0.6
12932,2025-08-05,Surat,Vadodara,BRC_SECTION,17.3,70.5,96.4,90.3,37.8,57.3,2.3,5.8,2.9,18,1,4.6,13.3,8.7,13.8
12009,2025-07-07,Surat,Vadodara,BRC_SECTION,0.6,74.4,77.9,68.6,44.1,63.8,1.0,6.5,3.5,12,0,0.0,8.6,5.8,4.1
22953,2025-11-16,Jaipur,Ajmer,AII_SECTION,15.2,67.7,62.3,63.4,31.2,52.1,4.1,5.2,2.0,14,6,9.0,6.0,7.5,10.9
22953,2025-12-23,Anand,Vadodara,BRC_SECTION,1.0,73.8,25.1,20.3,38.6,62.8,3.7,4.3,0.2,9,1,2.9,5.3,1.5,-2.3
12952,2025-02-21,Delhi,Jaipur,JP_SECTION,-2.0,53.4,73.6,91.3,29.1,48.8,2.4,8.8,2.9,15,4,1.7,8.1,0.8,1.4
12010,2025-09-28,Vadodara,Ahmedabad,ADI_SECTION,8.2,84.6,26.6,21.7,25.3,36.5,4.2,7.1,3.1,5,6,3.8,7.7,6.5,3.1
12932,2025-06-19,Delhi,Jaipur,JP_SECTION,5.7,69.0,98.0,87.6,29.2,51.0,4.5,3.7,1.9,7,3,8.6,12.1,1.1,10.4
12009,2025-08-28,Delhi,Jaipur,JP_SECTION,16.6,39.1,53.4,86.6,24.9,41.6,3.4,5.4,2.5,15,3,14.4,5.8,1.8,14.7
12931,2025-08-11,Surat,Vadodara,BRC_SECTION,6.7,68.1,40.8,37.9,38.1,48.4,2.9,4.0,1.3,11,0,11.5,8.4,6.3,5.6
12951,2025-04-06,Jaipur,Ajmer,AII_SECTION,14.5,66.4,105.5,97.2,29.2,43.4,3.6,9.8,2.3,14,6,8.5,7.3,1.0,16.3
12010,2025-02-15,Mumbai Central,Vadodara,BRC_SECTION,2.2,68.7,73.8,69.2,35.5,59.0,3.7,0.0,5.3,21,5,0.0,5.5,0.8,2.6
12951,2025-04-17,Vadodara,Ahmedabad,ADI_SECTION,13.6,50.4,23.4,32.7,33.7,48.0,2.5,8.0,1.8,10,3,0.0,8.1,0.8,9.7
12951,2025-07-06,Anand,Vadodara,BRC_SECTION,5.1,77.1,38.0,39.0,26.9,38.0,3.2,5.7,1.3,9,6,2.2,7.9,1.7,-0.2
12931,2025-11-26,Bharuch,Surat,ST_SECTION,20.2,69.9,10.7,16.2,46.5,65.0,1.7,2.9,2.4,15,2,6.6,8.8,12.3,14.2
12931,2025-06-15,Jaipur,Ajmer,AII_SECTION,1.9,71.2,51.6,53.1,41.1,59.8,1.6,5.9,4.2,9,6,1.0,7.6,3.0,6.5
12931,2025-06-25,Bharuch,Surat,ST_SECTION,1.7,56.1,109.3,112.3,31.3,40.9,5.2,4.1,2.6,21,2,0.0,13.5,4.5,5.4
22953,2025-01-28,Bharuch,Surat,ST_SECTION,1.2,64.1,20.2,19.9,30.9,55.2,2.8,5.7,3.0,19,1,0.0,6.7,7.3,2.1
22954,2025-05-27,Surat,Vadodara,BRC_SECTION,19.1,74.8,49.8,37.8,36.0,59.5,4.2,0.0,2.5,10,1,7.2,11.9,5.8,14.1
12952,2025-08-03,Vadodara,Ahmedabad,ADI_SECTION,15.4,69.6,99.3,87.0,34.8,54.9,4.3,2.6,2.0,5,6,2.3,5.3,0.8,11.0
12010,2025-12-04,Ahmedabad,Sabarmati,SBT_SECTION,9.2,85.5,25.2,20.2,29.9,38.0,3.3,0.0,2.2,14,3,13.5,7.3,12.1,0.9
22954,2025-08-15,Delhi,Jaipur,JP_SECTION,-1.7,62.3,36.9,33.3,28.1,37.6,4.7,12.6,3.7,6,4,0.7,7.1,6.5,-0.9
12931,2025-07-27,Ahmedabad,Sabarmati,SBT_SECTION,20.2,56.9,52.9,57.1,21.5,43.0,4.0,10.6,2.3,14,6,0.0,5.7,8.1,9.9
12932,2025-01-01,Anand,Vadodara,BRC_SECTION,9.1,64.7,29.8,30.0,42.0,65.3,4.9,5.7,2.8,22,2,4.7,8.0,2.9,7.7
12009,2025-08-14,Ahmedabad,Sabarmati,SBT_SECTION,13.2,73.3,82.4,77.5,26.8,51.8,4.4,8.2,3.8,13,3,1.2,8.3,6.9,7.2
12931,2025-01-07,Surat,Vadodara,BRC_SECTION,1.8,62.5,15.9,16.2,39.0,55.2,3.1,2.8,2.6,11,1,6.8,10.0,5.6,-0.6
12951,2025-07-09,Delhi,Jaipur,JP_SECTION,12.1,85.2,44.7,35.8,16.2,28.4,2.0,3.4,3.2,7,2,5.2,2.5,3.1,2.7
12951,2025-10-31,Mumbai Central,Vadodara,BRC_SECTION,1.9,70.7,112.1,92.4,23.9,48.4,4.4,6.1,2.6,22,4,0.0,3.4,2.3,-3.0
22954,2025-04-05,Bharuch,Surat,ST_SECTION,10.2,83.3,97.5,75.0,44.9,59.7,3.6,7.7,2.1,11,5,0.0,9.6,8.5,6.1
12010,2025-01-13,Delhi,Jaipur,JP_SECTION,1.4,65.8,31.1,32.7,18.9,39.4,6.3,1.5,3.2,12,0,4.4,7.8,9.3,-3.0
12009,2025-04-19,Delhi,Jaipur,JP_SECTION,8.0,50.7,49.2,68.2,27.6,41.3,5.0,3.0,3.2,6,5,0.0,9.0,12.1,3.9
12932,2025-07-08,Bharuch,Surat,ST_SECTION,7.9,64.3,22.5,25.3,32.9,47.8,1.0,5.1,2.3,14,1,0.0,11.9,8.2,8.6
22954,2025-03-04,Surat,Vadodara,BRC_SECTION,6.8,80.1,65.3,46.6,36.3,57.3,2.8,0.0,2.1,21,1,12.0,2.0,2.2,9.5
22953,2025-03-27,Vadodara,Ahmedabad,ADI_SECTION,8.0,63.4,42.3,45.0,31.4,53.9,3.7,8.6,2.7,13,3,12.3,11.4,1.2,4.0
12009,2025-01-09,Surat,Vadodara,BRC_SECTION,5.7,73.4,104.6,88.4,31.4,40.3,5.4,7.0,4.3,17,3,9.0,7.5,10.9,7.3
12010,2025-05-20,Mumbai Central,Vadodara,BRC_SECTION,11.1,78.3,59.0,56.6,34.8,51.0,1.4,0.0,4.7,14,1,0.0,12.0,6.8,8.9
12932,2025-11-19,Jaipur,Ajmer,AII_SECTION,5.6,66.8,90.3,88.3,25.1,46.8,3.1,9.9,3.2,19,2,1.7,11.1,12.4,5.5
22953,2025-11-15,Mumbai Central,Vadodara,BRC_SECTION,6.4,54.6,16.9,19.7,21.9,43.5,3.4,5.4,0.5,6,5,3.1,11.7,8.2,2.4
12952,2025-09-06,Jaipur,Ajmer,AII_SECTION,10.6,52.5,62.0,72.3,41.2,57.2,3.4,10.6,2.2,19,5,7.4,14.7,4.6,16.7
12010,2025-11-09,Anand,Vadodara,BRC_SECTION,-1.0,67.2,94.6,91.6,35.7,60.5,3.7,3.5,2.4,11,6,7.9,10.8,8.3,-0.5
12951,2025-07-01,Anand,Vadodara,BRC_SECTION,5.8,74.3,92.1,80.4,53.2,65.4,3.1,12.8,5.6,20,1,0.0,2.0,3.6,11.6
12951,2025-02-05,Mumbai Central,Vadodara,BRC_SECTION,10.3,61.1,119.3,128.1,30.5,40.2,3.9,9.1,0.0,19,2,0.0,3.9,4.5,12.9
12009,2025-08-11,Jaipur,Ajmer,AII_SECTION,9.1,70.3,66.3,71.2,33.1,41.4,1.9,1.9,3.8,10,0,17.4,4.8,7.3,9.8
12952,2025-10-20,Ahmedabad,Sabarmati,SBT_SECTION,16.8,46.7,70.6,96.2,18.3,37.8,3.5,9.6,2.8,12,0,0.0,5.5,5.4,8.9
12009,2025-10-01,Ahmedabad,Sabarmati,SBT_SECTION,5.4,56.3,91.2,102.2,21.5,40.7,3.6,9.1,2.5,5,2,0.0,8.3,3.4,1.9
22953,2025-12-04,Bharuch,Surat,ST_SECTION,5.9,63.2,22.8,25.2,41.1,54.7,2.5,0.0,5.1,18,3,2.3,9.2,4.3,5.7
22953,2025-02-04,Anand,Vadodara,BRC_SECTION,7.9,52.8,82.3,94.9,22.7,32.6,2.5,9.0,3.9,14,1,0.0,9.0,4.4,2.1
12009,2025-08-03,Vadodara,Ahmedabad,ADI_SECTION,-0.1,50.7,55.3,67.3,34.4,51.4,3.5,0.0,2.6,6,6,0.0,4.7,2.7,3.9
12010,2025-11-14,Surat,Vadodara,BRC_SECTION,12.7,75.2,14.2,18.4,31.0,40.2,3.4,3.6,0.1,5,4,16.4,8.1,4.0,10.7
12010,2025-09-10,Bharuch,Surat,ST_SECTION,10.5,59.5,110.3,114.5,43.1,61.0,2.8,15.0,2.6,6,2,9.9,8.1,9.6,15.4
22953,2025-08-01,Jaipur,Ajmer,AII_SECTION,7.2,66.2,34.8,31.6,35.6,55.4,3.0,9.1,2.3,6,4,4.1,10.3,7.0,1.3
12951,2025-12-07,Delhi,Jaipur,JP_SECTION,-2.0,69.5,100.7,95.1,28.4,50.9,2.7,1.9,1.2,7,6,0.0,11.3,5.0,-2.1
12952,2025-06-30,Bharuch,Surat,ST_SECTION,7.4,54.9,43.5,45.6,39.9,61.7,3.9,0.0,0.0,6,0,12.3,12.4,5.9,7.9
22954,2025-11-04,Ahmedabad,Sabarmati,SBT_SECTION,4.1,65.1,61.8,58.0,26.2,40.6,3.6,10.8,4.0,9,1,4.9,8.1,5.3,6.2
22953,2025-09-16,Delhi,Jaipur,JP_SECTION,8.6,63.9,26.4,25.9,36.8,45.0,3.8,4.4,1.6,13,1,0.0,9.8,6.6,7.6
12931,2025-12-15,Vadodara,Ahmedabad,ADI_SECTION,3.8,64.1,114.8,110.5,24.8,40.1,4.1,0.7,2.0,15,0,2.6,3.7,7.6,2.7
22954,2025-08-12,Ahmedabad,Sabarmati,SBT_SECTION,12.0,82.1,106.7,80.6,35.1,52.1,3.7,15.9,0.2,18,1,0.0,5.6,5.5,16.4
12931,2025-08-30,Jaipur,Ajmer,AII_SECTION,6.5,44.1,12.3,24.8,27.1,44.9,3.6,5.3,2.0,9,5,4.4,10.7,9.6,3.3
12931,2025-06-23,Bharuch,Surat,ST_SECTION,17.1,64.7,79.4,78.1,41.3,62.1,1.9,8.4,2.2,13,0,5.1,3.4,4.3,11.0
22954,2025-04-06,Delhi,Jaipur,JP_SECTION,3.3,61.9,58.0,65.0,36.8,57.0,1.6,6.3,2.3,9,6,0.0,4.6,7.1,0.9
22953,2025-10-07,Mumbai Central,Vadodara,BRC_SECTION,10.3,83.3,84.6,71.2,26.0,36.0,3.9,6.7,3.1,6,1,4.5,8.5,6.5,6.9
12931,2025-11-27,Ahmedabad,Sabarmati,SBT_SECTION,-2.0,78.3,87.8,72.1,19.0,30.4,3.8,7.0,2.1,18,3,12.4,8.4,13.3,-0.5
12951,2025-03-11,Ahmedabad,Sabarmati,SBT_SECTION,13.7,60.5,99.3,104.2,32.6,44.0,2.4,12.2,2.7,6,1,5.7,6.2,4.4,12.5
12952,2025-12-13,Surat,Vadodara,BRC_SECTION,15.9,76.4,31.2,30.4,21.5,42.2,5.3,10.7,0.8,15,5,9.6,8.1,2.9,7.9
12932,2025-09-15,Vadodara,Ahmedabad,ADI_SECTION,0.9,84.2,46.1,35.3,32.6,41.1,4.4,6.6,1.9,12,0,1.9,7.9,8.6,3.1
12010,2025-05-24,Jaipur,Ajmer,AII_SECTION,-2.0,70.8,44.0,40.9,27.1,42.2,4.3,2.8,2.2,19,5,6.6,11.3,2.6,-1.8
12932,2025-10-15,Bharuch,Surat,ST_SECTION,10.3,84.0,11.8,15.3,36.6,52.8,4.3,9.4,2.3,22,2,0.0,5.0,6.1,4.1
12952,2025-08-08,Mumbai Central,Vadodara,BRC_SECTION,8.5,75.2,71.3,58.6,25.6,39.9,4.1,8.6,5.0,9,4,6.5,13.6,5.4,3.0
12009,2025-06-29,Bharuch,Surat,ST_SECTION,8.5,56.5,112.1,120.3,33.8,46.7,4.5,13.5,0.5,15,6,2.9,9.3,8.3,13.1
22953,2025-04-16,Jaipur,Ajmer,AII_SECTION,7.3,66.0,13.4,13.2,15.0,24.9,5.2,4.3,4.1,9,2,11.1,6.6,6.7,3.0
12932,2025-04-13,Surat,Vadodara,BRC_SECTION,2.6,59.9,30.2,27.7,24.7,42.5,3.2,1.6,3.2,14,6,6.6,10.7,4.3,3.0
12009,2025-08-31,Surat,Vadodara,BRC_SECTION,4.4,75.9,116.3,94.4,38.7,59.4,2.4,3.0,0.9,21,6,0.0,7.0,2.9,7.6
22954,2025-07-11,Ahmedabad,Sabarmati,SBT_SECTION,8.4,98.8,46.1,32.5,48.9,72.8,3.6,8.8,0.3,6,4,0.0,6.8,5.9,7.8
12931,2025-11-14,Mumbai Central,Vadodara,BRC_SECTION,15.1,46.8,98.9,127.4,42.5,57.2,4.1,0.2,1.6,18,4,0.0,13.5,8.7,13.5
12952,2025-01-23,Ahmedabad,Sabarmati,SBT_SECTION,5.7,58.8,10.1,16.3,18.8,42.3,1.0,2.4,1.5,15,3,9.8,5.1,8.8,-0.5
22953,2025-12-21,Vadodara,Ahmedabad,ADI_SECTION,14.6,72.7,20.0,20.5,31.5,52.2,5.8,13.0,5.8,13,6,5.9,4.9,7.6,13.0
12952,2025-04-22,Delhi,Jaipur,JP_SECTION,17.4,84.4,100.2,68.9,24.0,37.4,4.3,7.9,0.8,8,1,11.1,7.5,4.2,13.1
12951,2025-12-16,Anand,Vadodara,BRC_SECTION,11.6,54.9,29.2,38.2,24.3,35.3,3.4,3.5,4.0,20,1,5.5,13.6,4.6,11.4
22954,2025-01-06,Ahmedabad,Sabarmati,SBT_SECTION,7.9,69.6,12.4,22.1,24.8,47.8,2.4,7.6,3.4,14,0,0.0,11.6,2.6,4.3
12931,2025-12-05,Surat,Vadodara,BRC_SECTION,-1.7,59.5,43.9,52.8,32.7,50.3,4.6,6.0,2.2,6,4,10.3,6.4,9.3,3.2
12952,2025-01-06,Mumbai Central,Vadodara,BRC_SECTION,12.0,60.0,87.5,92.8,25.0,39.1,5.0,5.6,5.1,16,0,0.0,9.3,5.2,2.9
22953,2025-06-26,Mumbai Central,Vadodara,BRC_SECTION,20.7,62.2,115.5,113.6,27.2,35.5,3.3,15.6,2.7,7,3,2.2,9.9,3.3,19.1
12931,2025-08-03,Ahmedabad,Sabarmati,SBT_SECTION,10.5,37.5,104.9,174.2,25.0,44.7,5.2,1.0,4.6,19,6,4.0,10.2,8.6,9.2
12951,2025-04-25,Ahmedabad,Sabarmati,SBT_SECTION,12.1,60.2,19.1,28.2,25.0,48.2,4.2,3.1,2.1,18,4,0.0,9.6,4.2,2.3
12931,2025-02-22,Anand,Vadodara,BRC_SECTION,3.5,67.5,112.7,104.4,31.1,46.0,2.6,2.7,3.1,7,5,5.2,7.6,5.9,6.3
22954,2025-02-15,Bharuch,Surat,ST_SECTION,4.9,58.2,47.3,51.1,37.1,47.0,2.4,7.4,1.4,17,5,2.2,7.4,5.1,7.3
12951,2025-10-17,Mumbai Central,Vadodara,BRC_SECTION,9.2,63.1,52.3,48.2,33.7,43.9,3.9,3.8,2.4,9,4,0.0,8.7,5.3,6.4
12931,2025-03-30,Anand,Vadodara,BRC_SECTION,10.4,65.6,101.5,106.1,48.1,65.5,3.5,6.3,3.3,7,6,4.3,3.4,7.4,15.3
12009,2025-11-21,Mumbai Central,Vadodara,BRC_SECTION,19.8,77.2,45.5,38.9,20.5,39.5,3.0,2.5,3.1,5,4,0.0,4.7,7.4,14.2
12010,2025-01-18,Jaipur,Ajmer,AII_SECTION,-2.0,72.2,81.2,74.0,25.5,49.1,3.3,4.2,3.8,20,5,0.0,8.5,5.5,-0.7
12009,2025-09-24,Jaipur,Ajmer,AII_SECTION,8.0,63.4,33.4,39.4,16.2,40.6,2.7,2.2,5.6,8,2,4.3,5.0,7.2,2.0
12951,2025-08-13,Vadodara,Ahmedabad,ADI_SECTION,0.6,72.2,71.4,65.4,19.5,38.8,4.0,0.6,0.5,18,2,3.1,4.7,8.9,5.6
12931,2025-07-09,Delhi,Jaipur,JP_SECTION,14.3,95.6,83.3,55.1,37.3,45.9,5.7,1.7,1.7,5,2,2.0,8.8,8.1,3.4
12009,2025-06-20,Anand,Vadodara,BRC_SECTION,1.0,61.9,113.6,115.3,32.5,48.5,3.7,3.4,1.7,7,4,2.3,7.6,9.2,5.2
12009,2025-05-15,Vadodara,Ahmedabad,ADI_SECTION,7.5,85.5,22.5,21.8,43.2,56.5,4.1,1.8,3.0,8,3,0.0,8.5,8.6,4.6
12009,2025-09-09,Bharuch,Surat,ST_SECTION,2.0,97.8,15.1,17.2,38.6,60.3,4.6,16.7,3.3,8,1,9.1,7.9,13.1,4.5
12931,2025-11-09,Anand,Vadodara,BRC_SECTION,11.7,72.5,111.6,100.3,25.4,39.6,3.4,7.9,5.7,16,6,0.9,10.5,0.8,11.5
22953,2025-06-12,Surat,Vadodara,BRC_SECTION,9.3,76.4,79.5,60.0,39.9,48.4,1.0,1.9,1.6,5,3,6.0,8.2,1.7,9.9
12932,2025-04-05,Anand,Vadodara,BRC_SECTION,1.3,77.0,28.6,25.4,23.6,33.8,3.0,6.4,1.5,20,5,12.2,14.2,2.6,-1.9
22954,2025-09-03,Jaipur,Ajmer,AII_SECTION,9.6,68.1,33.0,36.4,15.0,26.4,4.8,6.6,1.6,10,2,0.8,9.4,6.7,5.3
12952,2025-09-13,Delhi,Jaipur,JP_SECTION,13.4,65.4,84.1,78.6,27.6,45.2,3.3,4.3,2.9,17,5,0.0,13.3,8.1,9.5
22953,2025-07-26,Ahmedabad,Sabarmati,SBT_SECTION,0.8,76.2,39.9,37.7,33.9,53.3,3.5,8.3,4.1,13,5,0.0,9.0,3.5,-3.0
12951,2025-07-20,Vadodara,Ahmedabad,ADI_SECTION,3.9,44.8,98.9,137.9,24.5,43.9,4.6,7.0,4.9,15,6,0.0,15.3,5.7,8.2
22953,2025-08-18,Mumbai Central,Vadodara,BRC_SECTION,11.2,57.4,60.0,60.9,39.9,48.5,5.0,0.9,2.4,6,0,10.8,15.0,10.9,8.9
12010,2025-10-16,Mumbai Central,Vadodara,BRC_SECTION,-2.0,60.2,28.9,33.9,44.1,67.1,5.7,4.5,2.1,19,3,0.0,11.4,0.8,1.6
22954,2025-10-02,Delhi,Jaipur,JP_SECTION,6.4,95.2,112.4,75.8,27.5,47.7,3.9,4.5,3.9,13,3,0.0,3.9,3.4,0.1
22953,2025-04-13,Vadodara,Ahmedabad,ADI_SECTION,4.3,61.3,37.6,44.7,44.9,65.3,4.0,6.3,2.4,15,6,1.0,7.3,4.3,4.7
12009,2025-01-27,Bharuch,Surat,ST_SECTION,-1.0,61.9,93.2,93.6,39.8,62.9,5.1,2.1,4.1,5,0,7.6,7.3,9.2,2.4
12931,2025-08-28,Jaipur,Ajmer,AII_SECTION,8.9,62.9,102.4,103.6,33.5,56.9,2.9,6.2,2.6,16,3,0.0,4.6,3.8,11.7
12951,2025-06-01,Vadodara,Ahmedabad,ADI_SECTION,4.9,87.3,17.0,17.1,27.9,46.4,4.5,6.8,2.0,14,6,2.6,15.0,7.1,1.8
12952,2025-01-26,Surat,Vadodara,BRC_SECTION,21.8,65.1,78.1,70.1,38.4,51.3,3.9,8.9,3.6,5,6,16.0,8.9,6.1,16.5
22954,2025-07-15,Vadodara,Ahmedabad,ADI_SECTION,18.2,63.0,63.4,60.7,35.5,55.5,2.4,9.1,0.5,16,1,2.7,9.0,5.8,13.1
12952,2025-04-10,Jaipur,Ajmer,AII_SECTION,11.0,67.6,24.6,31.8,30.4,42.6,5.0,4.8,2.5,14,3,6.5,11.1,10.1,7.1
12009,2025-11-01,Mumbai Central,Vadodara,BRC_SECTION,4.0,58.4,14.8,21.8,20.6,28.8,3.1,10.8,2.7,16,5,3.2,6.6,6.0,8.0
12010,2025-08-19,Mumbai Central,Vadodara,BRC_SECTION,11.9,77.6,21.7,22.0,16.4,27.9,3.8,7.9,2.2,5,1,6.8,6.7,0.9,4.6
12009,2025-04-11,Surat,Vadodara,BRC_SECTION,3.6,85.9,101.6,68.1,39.9,48.1,2.8,1.6,0.4,9,4,8.5,5.7,4.8,10.1
22953,2025-02-20,Ahmedabad,Sabarmati,SBT_SECTION,7.4,85.4,48.5,41.4,32.6,54.3,3.3,11.1,4.6,6,3,4.5,3.6,0.8,11.7
12931,2025-12-16,Vadodara,Ahmedabad,ADI_SECTION,-1.1,84.4,109.9,86.4,30.5,53.6,5.6,5.0,2.1,18,1,6.7,11.7,4.9,7.7
22954,2025-09-25,Delhi,Jaipur,JP_SECTION,2.1,58.2,85.1,86.9,27.8,51.3,2.7,0.0,3.6,8,3,0.0,9.7,6.1,3.7
12010,2025-01-15,Anand,Vadodara,BRC_SECTION,-0.7,51.3,64.2,78.9,19.7,39.6,4.5,4.2,1.4,7,2,4.0,7.1,5.4,-3.0
22954,2025-02-10,Ahmedabad,Sabarmati,SBT_SECTION,4.4,63.7,17.2,17.7,37.8,50.6,2.9,11.4,1.1,17,0,9.7,8.8,2.7,11.1
12931,2025-11-11,Vadodara,Ahmedabad,ADI_SECTION,7.4,83.3,86.6,71.5,41.3,65.7,1.4,4.2,2.3,19,1,0.0,3.6,5.5,8.4
22953,2025-07-17,Mumbai Central,Vadodara,BRC_SECTION,6.2,66.9,60.3,57.8,34.0,47.4,4.9,4.8,4.3,19,3,4.7,10.1,3.6,6.4
12951,2025-07-27,Delhi,Jaipur,JP_SECTION,10.8,64.7,12.3,16.3,36.8,61.5,4.9,10.1,0.6,16,6,2.5,6.6,8.9,10.5
12010,2025-01-03,Delhi,Jaipur,JP_SECTION,2.7,56.6,12.4,10.8,26.6,39.1,3.5,0.0,1.9,19,4,1.1,8.2,6.1,2.6
12009,2025-08-06,Bharuch,Surat,ST_SECTION,-2.0,62.4,71.0,69.3,19.6,30.0,4.4,6.2,3.6,12,2,9.2,4.8,9.8,-3.0
12952,2025-12-04,Jaipur,Ajmer,AII_SECTION,8.8,77.6,107.2,81.3,25.5,45.1,2.4,7.8,2.9,12,3,0.8,8.8,5.6,2.8
12951,2025-12-25,Anand,Vadodara,BRC_SECTION,2.8,65.8,112.6,114.6,50.1,66.9,2.0,7.8,3.7,18,3,0.0,5.4,5.6,8.2
22954,2025-10-04,Surat,Vadodara,BRC_SECTION,13.4,75.4,32.2,26.2,51.4,60.0,5.3,0.9,2.6,9,5,0.0,4.8,1.4,8.5
12951,2025-11-04,Anand,Vadodara,BRC_SECTION,1.3,79.3,21.5,23.6,41.3,53.9,2.1,7.6,1.9,21,1,0.0,10.0,3.4,3.4
12009,2025-02-04,Surat,Vadodara,BRC_SECTION,9.6,57.8,84.0,90.2,26.2,45.5,3.7,8.1,1.9,16,1,5.1,7.9,0.8,9.6
12009,2025-08-10,Delhi,Jaipur,JP_SECTION,5.6,59.3,119.6,131.0,26.2,47.6,4.1,5.3,3.3,13,6,6.7,11.4,2.7,8.3
22953,2025-11-07,Mumbai Central,Vadodara,BRC_SECTION,2.8,53.3,45.1,56.9,21.3,43.0,3.9,10.8,0.5,19,4,10.8,12.7,9.7,8.6
12931,2025-01-25,Ahmedabad,Sabarmati,SBT_SECTION,12.0,71.8,112.6,100.4,45.0,54.9,2.0,1.6,4.0,21,5,10.0,9.7,9.7,15.6
22954,2025-12-12,Surat,Vadodara,BRC_SECTION,11.4,62.9,75.8,76.7,35.6,53.8,3.3,12.4,1.3,5,4,6.0,6.6,7.0,14.8
12951,2025-05-06,Delhi,Jaipur,JP_SECTION,9.3,47.6,75.3,104.2,42.9,52.1,2.2,7.0,2.9,19,1,0.9,4.1,4.3,8.5
12010,2025-01-28,Bharuch,Surat,ST_SECTION,13.1,72.1,73.8,59.2,45.4,67.9,1.6,9.2,4.4,21,1,0.0,7.2,6.4,13.7
12952,2025-12-11,Jaipur,Ajmer,AII_SECTION,14.0,57.7,70.1,79.7,34.4,42.7,2.3,2.5,3.3,13,3,8.4,6.2,3.6,10.4
12010,2025-02-23,Surat,Vadodara,BRC_SECTION,2.8,64.1,68.4,68.9,43.8,61.6,2.0,0.5,5.4,9,6,3.3,9.7,1.6,6.5
12952,2025-08-21,Surat,Vadodara,BRC_SECTION,-2.0,55.9,42.7,57.0,51.0,69.0,3.5,9.1,2.4,14,3,13.8,9.3,3.4,11.7
12010,2025-04-02,Delhi,Jaipur,JP_SECTION,6.3,66.4,49.0,55.2,44.7,64.1,3.9,0.0,3.8,17,2,2.5,7.2,7.3,10.5
12951,2025-12-12,Jaipur,Ajmer,AII_SECTION,12.9,79.4,70.9,54.4,28.6,48.9,5.4,1.9,2.0,21,4,7.0,6.6,1.7,6.3
12951,2025-11-27,Vadodara,Ahmedabad,ADI_SECTION,8.0,59.6,28.3,41.4,25.6,49.8,2.2,0.0,1.7,12,3,3.8,9.8,12.0,3.0
12931,2025-08-08,Bharuch,Surat,ST_SECTION,8.0,78.6,69.1,52.5,30.2,47.7,3.9,13.0,2.9,16,4,3.0,10.9,6.8,5.4
12951,2025-08-19,Mumbai Central,Vadodara,BRC_SECTION,-2.0,66.7,24.9,25.2,28.6,52.5,1.7,0.0,0.5,5,1,9.5,2.7,1.9,2.2
12010,2025-07-09,Anand,Vadodara,BRC_SECTION,2.7,93.3,22.6,19.9,48.3,58.8,4.9,4.2,3.4,17,2,9.6,6.5,5.3,6.3
12010,2025-01-21,Surat,Vadodara,BRC_SECTION,0.6,67.0,119.7,106.4,36.3,46.2,4.0,4.7,2.3,9,1,14.9,4.9,5.4,2.9
12932,2025-12-24,Surat,Vadodara,BRC_SECTION,8.8,84.5,101.3,81.4,46.6,69.3,2.5,0.0,2.1,17,2,0.0,11.9,5.3,8.0
12951,2025-10-16,Ahmedabad,Sabarmati,SBT_SECTION,5.1,65.2,80.2,81.0,31.4,53.1,4.1,6.7,5.4,13,3,1.5,7.0,1.9,5.7
12932,2025-09-27,Ahmedabad,Sabarmati,SBT_SECTION,7.2,55.5,108.4,121.4,33.2,49.1,3.6,6.8,3.2,5,5,2.9,6.9,8.9,9.9
22953,2025-08-19,Ahmedabad,Sabarmati,SBT_SECTION,13.2,97.1,64.7,43.3,39.3,54.2,4.4,6.8,0.5,18,1,7.0,13.3,7.5,11.9
12009,2025-03-10,Mumbai Central,Vadodara,BRC_SECTION,9.6,86.4,69.8,54.8,40.6,51.9,4.4,8.1,5.1,9,0,8.2,9.2,13.0,8.5
12009,2025-12-15,Surat,Vadodara,BRC_SECTION,3.4,51.5,108.5,132.4,25.3,38.2,3.2,5.3,2.9,10,0,3.2,4.5,3.6,5.0
12932,2025-08-19,Mumbai Central,Vadodara,BRC_SECTION,0.7,52.7,87.0,104.1,32.0,54.3,2.8,6.1,1.9,13,1,2.5,7.3,10.0,-1.4
22954,2025-04-08,Delhi,Jaipur,JP_SECTION,13.9,69.0,74.5,70.4,18.3,42.5,1.7,11.2,2.3,12,1,10.1,10.4,3.0,7.1
12931,2025-07-20,Mumbai Central,Vadodara,BRC_SECTION,8.8,72.0,61.6,54.8,27.6,42.5,2.7,15.3,2.3,7,6,10.3,9.4,6.9,7.5
12952,2025-09-04,Ahmedabad,Sabarmati,SBT_SECTION,8.9,75.0,32.1,27.4,30.4,40.6,2.1,0.0,1.1,11,3,1.2,13.8,8.7,3.1
12951,2025-05-26,Anand,Vadodara,BRC_SECTION,4.3,78.3,84.8,69.3,31.9,53.8,3.6,0.0,4.3,20,0,1.0,12.3,8.8,0.8
22954,2025-09-04,Jaipur,Ajmer,AII_SECTION,5.6,86.2,26.7,18.5,46.4,71.1,1.0,7.3,1.6,7,3,6.6,6.6,7.7,9.2
22954,2025-10-10,Anand,Vadodara,BRC_SECTION,9.9,51.9,67.6,82.5,32.7,50.3,3.1,5.3,2.2,12,4,8.8,8.2,5.1,9.8
12931,2025-02-16,Vadodara,Ahmedabad,ADI_SECTION,13.8,61.8,47.1,46.7,35.4,53.1,2.8,7.0,2.0,8,6,10.5,5.4,0.8,16.3
22954,2025-08-24,Jaipur,Ajmer,AII_SECTION,12.8,76.1,92.0,76.2,33.8,47.9,4.9,2.6,2.3,9,6,5.1,7.1,7.4,10.7
12951,2025-08-13,Delhi,Jaipur,JP_SECTION,10.5,85.5,90.4,73.2,26.0,42.6,3.2,3.4,2.5,22,2,9.1,7.2,8.6,3.1
12009,2025-05-11,Surat,Vadodara,BRC_SECTION,-1.0,62.2,102.1,97.4,38.9,52.3,2.0,0.0,5.2,9,6,0.0,11.1,3.9,-1.0
12931,2025-01-28,Anand,Vadodara,BRC_SECTION,13.4,76.1,30.3,25.6,25.1,34.1,1.4,6.4,3.2,20,1,0.0,5.2,9.7,7.9
12951,2025-02-10,Surat,Vadodara,BRC_SECTION,8.5,71.1,119.4,102.5,39.7,50.8,5.4,8.4,2.3,12,0,1.7,10.1,0.8,10.7
12010,2025-02-11,Mumbai Central,Vadodara,BRC_SECTION,5.2,70.6,25.3,22.4,30.8,55.5,3.2,9.7,4.5,19,1,6.8,3.9,1.8,7.6
22953,2025-04-02,Delhi,Jaipur,JP_SECTION,12.2,60.9,23.9,31.0,44.4,56.9,5.0,4.9,0.8,5,2,10.0,6.3,0.8,15.8
12932,2025-06-29,Delhi,Jaipur,JP_SECTION,2.9,86.1,86.9,68.0,43.3,64.5,5.1,8.7,2.1,19,6,2.6,6.0,2.9,6.6
22954,2025-05-07,Delhi,Jaipur,JP_SECTION,3.7,80.5,42.5,39.2,26.6,37.2,4.1,6.3,2.2,15,2,7.5,8.7,5.8,-0.6
12932,2025-06-22,Anand,Vadodara,BRC_SECTION,1.8,69.1,116.7,111.3,28.5,42.3,2.9,10.8,1.6,18,6,9.7,8.4,9.4,6.4
12951,2025-05-19,Jaipur,Ajmer,AII_SECTION,-0.9,72.9,60.2,63.8,29.0,38.7,4.1,9.8,2.6,14,0,9.4,8.3,4.8,0.2
22953,2025-11-10,Mumbai Central,Vadodara,BRC_SECTION,13.8,85.0,75.1,60.8,43.3,53.3,5.6,8.0,1.0,16,0,0.0,5.7,10.7,11.8
12010,2025-10-12,Vadodara,Ahmedabad,ADI_SECTION,16.8,78.7,46.6,38.0,41.3,53.4,3.0,0.8,2.9,18,6,12.5,11.5,12.2,15.1
12952,2025-06-13,Surat,Vadodara,BRC_SECTION,7.2,55.1,20.7,24.2,38.2,54.6,4.3,7.7,4.4,21,4,2.0,9.0,3.9,13.1
12952,2025-04-15,Delhi,Jaipur,JP_SECTION,2.9,70.6,76.0,67.0,40.8,50.6,4.4,6.2,3.0,17,1,1.2,11.5,7.8,7.6
12951,2025-12-31,Ahmedabad,Sabarmati,SBT_SECTION,7.3,70.6,105.6,97.6,27.4,41.0,2.5,4.3,2.4,11,2,1.1,8.2,8.2,9.2
22953,2025-11-12,Bharuch,Surat,ST_SECTION,10.9,69.9,25.1,30.0,24.2,33.5,2.7,3.1,0.0,11,2,2.6,6.9,8.4,1.0
12951,2025-04-21,Surat,Vadodara,BRC_SECTION,8.1,78.1,91.4,75.8,27.8,37.8,4.9,6.4,3.6,16,0,1.8,11.9,1.3,2.7
22954,2025-10-07,Jaipur,Ajmer,AII_SECTION,5.4,72.3,70.5,66.4,33.0,51.0,2.9,11.3,3.2,20,1,8.2,3.8,0.8,7.0
12932,2025-08-30,Vadodara,Ahmedabad,ADI_SECTION,5.2,57.9,14.7,19.9,31.8,56.6,4.8,12.5,1.0,12,5,5.6,5.6,8.5,4.1
12932,2025-02-02,Bharuch,Surat,ST_SECTION,2.8,67.3,89.9,81.6,29.1,45.9,4.8,8.6,3.8,10,6,0.0,13.9,5.4,7.1
12931,2025-02-13,Vadodara,Ahmedabad,ADI_SECTION,-1.8,87.3,111.4,80.7,27.6,42.5,3.2,2.6,3.2,14,3,5.7,8.2,7.6,1.7
22954,2025-03-08,Bharuch,Surat,ST_SECTION,3.3,54.4,103.7,124.2,30.8,53.4,1.9,8.0,3.0,16,5,5.0,9.4,5.8,1.0
12951,2025-07-26,Jaipur,Ajmer,AII_SECTION,11.8,63.0,111.9,111.8,21.8,35.9,2.4,10.9,1.4,15,5,3.6,7.5,9.2,10.6
12009,2025-10-31,Anand,Vadodara,BRC_SECTION,16.3,68.5,112.9,103.9,40.6,55.1,2.5,5.6,5.2,10,4,9.3,3.5,10.2,17.5
22953,2025-07-24,Jaipur,Ajmer,AII_SECTION,12.6,74.6,37.0,33.9,15.0,24.2,4.4,10.8,4.1,9,3,4.4,8.6,5.9,7.6
12931,2025-03-23,Jaipur,Ajmer,AII_SECTION,1.6,51.3,44.6,58.3,40.0,50.2,2.6,7.4,1.8,8,6,8.1,11.4,6.1,4.6
12010,2025-11-26,Bharuch,Surat,ST_SECTION,-1.4,58.0,104.9,114.4,31.6,49.6,2.2,8.6,5.3,10,2,8.2,8.4,5.2,-2.2
12009,2025-07-14,Anand,Vadodara,BRC_SECTION,-2.0,73.6,32.1,30.9,21.4,44.9,4.2,8.2,3.6,16,0,6.2,9.1,9.1,-2.7
12952,2025-01-12,Anand,Vadodara,BRC_SECTION,-2.0,63.7,100.8,93.9,23.3,38.4,2.1,7.6,1.6,10,6,3.1,10.6,9.0,-0.2
22953,2025-08-27,Bharuch,Surat,ST_SECTION,8.8,77.8,97.0,75.1,30.1,42.2,2.2,4.4,2.6,10,2,4.5,8.7,6.8,3.9
22954,2025-09-15,Delhi,Jaipur,JP_SECTION,9.3,44.8,89.7,120.0,47.7,72.3,6.0,1.1,1.1,15,0,6.3,8.1,3.9,17.8
22953,2025-11-08,Jaipur,Ajmer,AII_SECTION,5.3,79.3,41.2,37.2,33.3,47.0,4.1,7.5,2.8,10,5,5.3,7.3,10.5,7.7
12009,2025-09-07,Mumbai Central,Vadodara,BRC_SECTION,3.4,63.2,109.4,102.9,26.5,50.9,3.7,2.5,2.7,6,6,3.1,9.6,5.5,1.0
12931,2025-04-10,Anand,Vadodara,BRC_SECTION,-0.7,52.9,33.9,39.1,32.3,42.6,4.2,7.4,5.4,16,3,0.0,6.1,6.9,0.4
12010,2025-11-15,Anand,Vadodara,BRC_SECTION,0.3,42.0,80.6,118.5,31.7,45.8,4.5,5.9,2.1,15,5,0.0,8.2,2.1,5.0
22953,2025-09-30,Vadodara,Ahmedabad,ADI_SECTION,2.8,65.6,50.9,52.5,36.6,46.9,3.0,5.2,2.0,14,1,0.0,8.5,9.5,0.1
12931,2025-08-25,Vadodara,Ahmedabad,ADI_SECTION,11.1,72.0,62.8,58.5,25.7,39.5,3.5,3.7,1.6,9,0,8.1,6.0,5.0,11.7
12010,2025-02-19,Bharuch,Surat,ST_SECTION,4.6,62.2,45.0,53.3,37.5,58.1,3.8,7.4,3.8,18,2,0.0,3.1,2.3,5.6
12931,2025-05-06,Jaipur,Ajmer,AII_SECTION,5.2,51.4,62.7,78.0,44.5,61.0,2.8,3.5,3.2,22,1,8.4,7.1,11.3,13.6
12931,2025-05-27,Bharuch,Surat,ST_SECTION,11.6,48.5,11.6,16.3,40.3,56.5,1.8,0.0,0.0,9,1,12.7,4.6,8.5,13.0
12931,2025-09-11,Jaipur,Ajmer,AII_SECTION,4.5,54.9,91.7,109.3,24.7,46.5,1.0,7.0,3.2,18,3,1.7,13.5,4.6,6.3
12931,2025-10-07,Anand,Vadodara,BRC_SECTION,14.0,71.2,91.4,80.8,36.6,52.2,3.7,1.2,0.2,20,1,0.0,5.3,7.2,13.1
12010,2025-08-11,Mumbai Central,Vadodara,BRC_SECTION,13.4,80.6,45.7,33.5,34.6,49.6,1.0,9.2,2.8,21,0,7.8,10.0,5.8,6.4
12009,2025-07-08,Delhi,Jaipur,JP_SECTION,-0.6,72.5,95.0,83.4,48.1,71.9,3.0,7.0,2.8,7,1,0.0,14.0,9.9,1.7
22954,2025-04-30,Vadodara,Ahmedabad,ADI_SECTION,5.3,75.4,41.2,33.8,24.1,37.6,4.0,2.4,0.8,6,2,9.7,5.4,7.7,-0.7
12931,2025-04-10,Surat,Vadodara,BRC_SECTION,11.0,58.4,78.5,84.0,29.9,52.9,3.5,5.2,3.6,6,3,12.8,2.0,3.0,10.5
12010,2025-05-17,Jaipur,Ajmer,AII_SECTION,3.4,92.5,53.7,42.6,32.0,46.5,4.1,7.4,3.8,22,5,1.3,8.0,7.9,-0.8
12010,2025-04-14,Jaipur,Ajmer,AII_SECTION,3.7,57.2,67.4,70.2,26.6,46.3,3.9,1.9,2.0,11,0,6.1,8.7,12.1,-1.7
12951,2025-10-30,Anand,Vadodara,BRC_SECTION,5.9,60.5,21.7,24.5,29.2,48.5,3.0,3.5,0.6,6,3,9.8,10.0,4.3,6.7
12932,2025-06-14,Surat,Vadodara,BRC_SECTION,0.6,65.4,53.6,61.8,37.9,47.6,5.8,7.9,3.4,19,5,0.0,9.0,9.2,6.9
22953,2025-07-03,Delhi,Jaipur,JP_SECTION,19.3,45.5,110.7,149.6,44.9,56.8,4.5,5.0,3.9,5,3,5.9,7.7,11.8,17.3
12951,2025-10-11,Surat,Vadodara,BRC_SECTION,8.8,78.2,84.4,70.1,27.3,41.3,1.7,0.0,1.3,10,5,5.8,9.1,6.1,5.2
12010,2025-05-14,Anand,Vadodara,BRC_SECTION,8.7,93.4,65.7,47.0,15.0,33.2,3.3,12.6,3.4,14,2,3.0,6.8,6.3,-0.6
12931,2025-04-27,Ahmedabad,Sabarmati,SBT_SECTION,-2.0,57.5,18.0,23.8,16.1,26.9,3.4,9.9,6.3,18,6,0.0,7.5,6.0,-2.7
12931,2025-02-05,Jaipur,Ajmer,AII_SECTION,1.7,60.4,36.8,41.0,52.8,62.6,4.4,6.7,4.8,10,2,12.4,10.7,8.4,8.2
12931,2025-05-31,Surat,Vadodara,BRC_SECTION,12.1,86.5,54.2,44.1,27.4,48.5,3.5,3.9,1.8,17,5,3.4,9.2,11.4,9.6
12009,2025-04-01,Bharuch,Surat,ST_SECTION,10.7,87.9,103.0,74.7,24.8,34.6,3.8,1.4,1.2,12,1,10.9,3.6,12.5,2.7
12009,2025-05-01,Surat,Vadodara,BRC_SECTION,1.3,53.8,59.7,71.8,30.7,41.9,2.0,3.6,2.9,20,3,0.0,12.1,3.1,0.4
12931,2025-07-22,Bharuch,Surat,ST_SECTION,14.2,76.3,59.7,56.2,36.3,55.7,2.0,2.2,1.2,17,1,0.0,8.9,10.6,9.1
12010,2025-08-21,Surat,Vadodara,BRC_SECTION,6.1,78.4,68.8,57.9,17.0,39.1,1.6,12.3,1.7,22,3,3.7,8.9,11.8,1.8
12931,2025-02-08,Mumbai Central,Vadodara,BRC_SECTION,7.5,51.4,111.4,134.1,22.6,38.5,3.8,3.4,5.5,19,5,0.0,7.2,1.5,5.1
12952,2025-10-19,Vadodara,Ahmedabad,ADI_SECTION,1.0,83.4,62.8,50.8,35.6,49.3,2.6,5.0,0.4,13,6,3.4,11.4,3.6,0.2
22954,2025-12-08,Mumbai Central,Vadodara,BRC_SECTION,8.3,71.7,113.3,98.8,28.2,41.3,3.8,0.0,2.8,14,0,10.1,8.1,1.8,8.6
12952,2025-10-11,Mumbai Central,Vadodara,BRC_SECTION,10.2,72.5,45.0,41.7,43.7,58.5,4.8,5.7,3.1,22,5,7.6,6.8,4.7,11.7
12931,2025-05-08,Bharuch,Surat,ST_SECTION,8.0,54.2,77.1,88.1,35.5,56.7,4.8,0.0,2.8,22,3,13.0,7.7,4.9,4.7
12010,2025-07-21,Mumbai Central,Vadodara,BRC_SECTION,15.0,66.2,38.6,39.7,40.0,51.1,4.5,7.9,1.2,15,0,11.1,2.2,3.9,14.1
22954,2025-01-14,Jaipur,Ajmer,AII_SECTION,14.2,67.9,98.6,85.2,25.8,39.9,3.8,7.7,0.0,10,1,3.6,8.2,9.0,12.4
12009,2025-08-15,Anand,Vadodara,BRC_SECTION,7.9,69.0,106.5,94.1,24.7,46.0,3.3,0.0,1.5,6,4,1.9,11.1,2.7,2.4
12931,2025-01-26,Anand,Vadodara,BRC_SECTION,18.5,82.2,84.3,68.0,38.6,51.6,2.6,8.7,2.7,7,6,19.7,3.9,8.1,20.0
12009,2025-02-22,Vadodara,Ahmedabad,ADI_SECTION,-0.7,85.6,58.5,48.9,22.9,45.4,5.5,3.6,1.2,17,5,0.0,10.4,0.8,0.5
12952,2025-12-17,Mumbai Central,Vadodara,BRC_SECTION,8.2,86.0,100.6,76.8,24.6,47.0,4.0,8.1,2.5,11,2,0.0,2.0,4.7,3.7
22953,2025-09-25,Mumbai Central,Vadodara,BRC_SECTION,14.5,57.2,43.8,52.3,32.2,49.8,2.5,5.0,3.8,17,3,0.0,12.6,5.7,12.2
12010,2025-05-26,Anand,Vadodara,BRC_SECTION,-0.2,81.1,105.0,77.0,26.7,48.4,2.3,5.8,3.3,9,0,2.6,10.6,4.9,1.0
12952,2025-08-17,Delhi,Jaipur,JP_SECTION,8.1,62.4,37.4,46.5,28.4,36.7,4.1,8.6,3.3,8,6,7.1,6.0,9.2,8.3
22954,2025-11-18,Anand,Vadodara,BRC_SECTION,1.9,65.8,90.4,90.1,32.8,47.6,3.4,5.0,6.1,16,1,5.2,7.6,8.0,2.9
12951,2025-06-12,Delhi,Jaipur,JP_SECTION,6.6,83.5,73.0,60.0,33.4,48.6,2.0,2.3,4.4,14,3,0.0,12.0,6.8,5.4
22953,2025-02-02,Jaipur,Ajmer,AII_SECTION,13.9,90.6,64.1,54.6,33.5,50.3,2.7,3.8,4.1,12,6,3.4,10.9,11.1,5.3
12951,2025-07-15,Surat,Vadodara,BRC_SECTION,-2.0,80.7,30.1,36.4,28.0,36.9,1.2,6.9,4.5,9,1,0.0,6.6,3.7,-1.3
12951,2025-12-03,Jaipur,Ajmer,AII_SECTION,-0.6,62.4,12.8,12.0,38.4,59.7,3.7,0.0,1.5,15,2,0.0,7.4,8.0,1.9
12951,2025-07-11,Surat,Vadodara,BRC_SECTION,0.9,73.6,88.6,75.9,37.1,61.3,2.8,0.6,1.1,22,4,7.2,11.0,1.3,3.4
12952,2025-02-23,Delhi,Jaipur,JP_SECTION,16.5,63.8,31.5,26.5,37.4,51.8,4.3,6.5,2.9,5,6,11.1,3.4,1.5,18.4
12952,2025-01-15,Jaipur,Ajmer,AII_SECTION,7.5,63.0,61.0,60.1,38.8,47.7,4.4,1.2,0.6,12,2,13.1,9.3,5.1,3.3
12009,2025-08-24,Anand,Vadodara,BRC_SECTION,15.8,91.2,41.5,31.7,44.2,53.3,4.0,6.8,1.5,20,6,4.8,11.0,8.2,4.8
12010,2025-07-07,Surat,Vadodara,BRC_SECTION,3.9,73.4,19.6,16.0,37.9,53.3,2.8,8.8,2.4,8,0,6.5,5.2,1.8,8.3
12932,2025-08-21,Bharuch,Surat,ST_SECTION,4.1,77.1,14.6,19.6,43.2,55.3,3.5,10.5,0.3,19,3,0.0,5.4,7.0,4.9
12951,2025-04-23,Ahmedabad,Sabarmati,SBT_SECTION,10.4,59.4,45.7,43.4,35.4,49.0,4.4,5.4,3.1,21,2,9.2,4.1,7.5,5.0
12010,2025-08-21,Ahmedabad,Sabarmati,SBT_SECTION,21.4,57.7,19.3,30.0,22.7,40.8,1.0,4.7,2.0,9,3,6.3,4.4,7.5,16.7
22953,2025-04-11,Surat,Vadodara,BRC_SECTION,1.8,71.3,102.0,90.1,36.4,54.0,3.7,5.7,2.1,22,4,5.9,3.4,11.4,-3.0
22954,2025-01-07,Mumbai Central,Vadodara,BRC_SECTION,10.6,36.5,16.2,23.7,30.6,51.5,1.8,2.1,3.8,21,1,1.4,4.2,1.4,9.2
12010,2025-06-12,Mumbai Central,Vadodara,BRC_SECTION,0.3,72.3,48.5,50.2,30.6,40.4,3.6,5.0,4.5,16,3,0.0,4.7,7.3,1.4
12010,2025-05-02,Surat,Vadodara,BRC_SECTION,12.1,80.0,13.7,13.4,38.8,48.7,3.9,9.0,2.4,12,4,4.9,3.2,1.2,9.4
12009,2025-03-06,Anand,Vadodara,BRC_SECTION,7.7,63.6,62.4,63.3,20.5,40.3,3.6,1.8,4.0,19,3,0.0,3.9,5.7,1.0
12952,2025-03-29,Jaipur,Ajmer,AII_SECTION,-1.1,87.3,13.1,14.3,46.0,68.2,5.1,11.3,3.7,12,5,1.5,5.2,7.1,-3.0
12010,2025-07-05,Mumbai Central,Vadodara,BRC_SECTION,6.9,69.2,82.1,71.9,40.5,60.8,5.4,18.8,1.3,17,5,17.0,12.9,6.5,17.7
12010,2025-11-10,Vadodara,Ahmedabad,ADI_SECTION,12.2,71.0,70.1,68.4,38.2,54.7,2.5,9.8,1.7,11,0,5.2,10.2,0.8,11.3
22954,2025-05-15,Jaipur,Ajmer,AII_SECTION,7.7,83.0,73.9,56.8,38.7,47.2,3.8,5.4,3.3,18,3,0.0,8.4,6.6,3.1
12010,2025-11-03,Vadodara,Ahmedabad,ADI_SECTION,6.9,32.9,77.6,147.6,26.8,46.2,2.2,8.8,0.6,9,0,5.8,7.2,12.9,13.0
12932,2025-01-17,Mumbai Central,Vadodara,BRC_SECTION,10.2,75.8,46.4,45.4,44.5,53.8,5.5,8.9,3.3,16,4,16.6,2.0,3.3,12.3
12951,2025-12-06,Bharuch,Surat,ST_SECTION,6.3,50.7,61.3,78.2,28.2,42.9,4.6,8.7,4.6,13,5,0.3,9.6,2.8,3.4
12951,2025-01-16,Anand,Vadodara,BRC_SECTION,-1.6,70.4,51.1,53.4,22.0,43.5,3.1,5.9,3.7,22,3,2.3,6.5,11.8,-3.0
12010,2025-04-23,Vadodara,Ahmedabad,ADI_SECTION,8.4,58.0,22.4,30.8,32.2,40.6,3.7,4.7,0.9,13,2,11.7,6.8,8.9,5.1
22954,2025-11-27,Delhi,Jaipur,JP_SECTION,12.0,91.5,79.3,64.9,40.2,64.0,2.1,3.2,0.4,10,3,1.8,9.3,3.1,5.5
12009,2025-02-20,Delhi,Jaipur,JP_SECTION,11.3,76.0,38.7,45.9,21.4,32.1,3.4,10.0,1.5,18,3,8.5,10.1,6.0,8.4
22953,2025-05-16,Vadodara,Ahmedabad,ADI_SECTION,8.7,59.5,50.1,57.3,42.1,52.0,2.6,5.6,5.9,8,4,3.1,13.4,5.6,8.7
12010,2025-09-26,Bharuch,Surat,ST_SECTION,0.1,92.9,73.1,48.4,49.0,69.1,5.1,0.0,3.2,16,4,0.0,9.3,2.7,0.6
12952,2025-08-21,Vadodara,Ahmedabad,ADI_SECTION,9.2,89.2,10.0,10.5,32.0,53.6,4.6,12.2,3.0,22,3,7.1,8.9,3.2,4.9
12010,2025-02-27,Vadodara,Ahmedabad,ADI_SECTION,1.8,66.1,46.0,46.9,38.8,50.8,4.8,12.7,1.8,13,3,5.2,4.0,6.0,3.7
12931,2025-04-13,Mumbai Central,Vadodara,BRC_SECTION,2.2,58.5,86.3,95.4,44.9,62.0,1.9,4.9,3.2,22,6,0.0,10.7,5.1,12.0
12952,2025-03-02,Vadodara,Ahmedabad,ADI_SECTION,7.8,73.4,74.2,66.1,32.4,56.4,1.7,2.9,3.6,10,6,6.8,7.7,12.9,4.1
12009,2025-05-07,Mumbai Central,Vadodara,BRC_SECTION,10.0,65.6,68.4,78.3,35.4,55.1,3.5,1.5,2.1,10,2,0.0,2.6,8.6,9.1
22953,2025-05-24,Bharuch,Surat,ST_SECTION,7.3,81.5,107.5,86.6,32.2,44.3,3.5,8.2,2.8,15,5,0.0,11.5,2.9,15.2
22953,2025-04-26,Surat,Vadodara,BRC_SECTION,-2.0,72.1,118.4,101.0,27.4,40.0,4.8,7.5,0.8,12,5,2.5,8.1,4.4,-3.0
12009,2025-06-02,Bharuch,Surat,ST_SECTION,6.9,51.3,36.8,51.0,16.3,28.9,2.3,5.3,2.4,17,0,0.5,7.4,6.7,2.0
12932,2025-03-27,Surat,Vadodara,BRC_SECTION,7.8,83.6,29.6,25.8,42.2,60.0,2.9,9.7,3.5,14,3,6.7,6.9,3.9,10.3
12010,2025-12-04,Surat,Vadodara,BRC_SECTION,8.7,60.4,67.9,65.5,26.7,49.8,3.1,4.3,1.8,15,3,12.9,5.5,3.0,10.0
22954,2025-02-09,Bharuch,Surat,ST_SECTION,13.5,67.3,12.7,12.6,20.7,30.5,3.3,1.3,3.9,17,6,3.3,4.9,8.8,2.9
12952,2025-09-29,Ahmedabad,Sabarmati,SBT_SECTION,-2.0,60.6,68.8,65.2,36.0,60.9,4.0,5.3,0.1,10,0,0.0,10.5,5.8,4.6
12009,2025-01-20,Jaipur,Ajmer,AII_SECTION,13.9,64.6,90.3,88.4,19.2,28.3,4.3,4.5,2.5,8,0,2.2,5.2,11.0,9.7
12932,2025-05-17,Mumbai Central,Vadodara,BRC_SECTION,8.7,69.5,89.3,74.7,33.1,46.1,3.5,2.7,5.1,8,5,3.1,6.2,3.6,10.6
12009,2025-03-24,Bharuch,Surat,ST_SECTION,15.3,70.3,97.2,88.5,34.1,51.2,5.5,5.1,2.9,12,0,2.0,7.3,7.5,5.8
12952,2025-09-20,Surat,Vadodara,BRC_SECTION,10.7,87.5,31.7,27.0,37.3,52.4,3.0,7.8,2.9,15,5,1.8,11.6,11.2,8.5
12009,2025-09-06,Ahmedabad,Sabarmati,SBT_SECTION,3.9,77.7,110.3,97.1,27.1,43.3,4.4,4.2,3.7,13,5,0.0,8.5,11.9,1.0
12931,2025-04-09,Mumbai Central,Vadodara,BRC_SECTION,9.0,71.6,118.7,104.5,24.0,49.0,3.6,6.8,3.8,21,2,0.7,11.5,10.4,5.2
12931,2025-05-11,Surat,Vadodara,BRC_SECTION,18.4,76.5,63.1,48.7,38.8,49.0,4.5,2.9,2.9,13,6,6.3,4.7,6.8,9.8
12952,2025-05-27,Mumbai Central,Vadodara,BRC_SECTION,17.1,74.4,20.0,19.5,22.3,47.2,4.3,4.4,0.7,9,1,0.8,7.8,1.9,9.4
12009,2025-07-24,Delhi,Jaipur,JP_SECTION,20.4,65.8,90.8,88.7,36.7,50.2,1.9,8.4,2.2,6,3,8.7,9.1,8.4,18.1
12009,2025-07-22,Bharuch,Surat,ST_SECTION,6.7,56.3,97.1,107.3,28.7,51.0,2.9,6.3,1.1,11,1,7.2,8.1,11.5,7.9
12931,2025-09-16,Delhi,Jaipur,JP_SECTION,5.5,60.5,77.5,83.9,38.4,54.1,2.7,9.3,2.8,5,1,0.0,8.5,5.3,6.5
12010,2025-11-20,Ahmedabad,Sabarmati,SBT_SECTION,5.1,67.6,103.7,97.7,27.4,46.1,3.5,9.6,2.5,19,3,5.6,6.5,7.3,2.1
12932,2025-10-04,Anand,Vadodara,BRC_SECTION,2.5,65.4,53.8,52.3,31.1,52.0,3.7,11.7,4.3,21,5,5.8,14.4,12.2,3.9
12010,2025-02-27,Ahmedabad,Sabarmati,SBT_SECTION,6.1,80.8,115.8,85.8,25.0,37.6,2.7,0.0,3.7,18,3,5.9,6.3,3.6,3.0
12009,2025-09-09,Jaipur,Ajmer,AII_SECTION,8.6,62.9,91.3,91.0,30.5,53.8,4.7,5.2,0.8,5,1,7.2,10.9,5.7,15.0
12932,2025-02-16,Vadodara,Ahmedabad,ADI_SECTION,3.3,64.6,76.2,72.2,40.6,54.0,3.2,5.2,5.6,5,6,3.6,8.7,5.4,5.1
22954,2025-10-29,Delhi,Jaipur,JP_SECTION,6.7,55.8,22.6,21.7,28.6,53.3,2.4,5.9,1.6,21,2,5.5,8.1,3.3,3.8
12009,2025-05-25,Delhi,Jaipur,JP_SECTION,-2.0,67.3,23.8,27.6,37.3,56.4,3.3,7.7,4.5,11,6,1.6,8.2,8.6,-1.1
22954,2025-02-06,Ahmedabad,Sabarmati,SBT_SECTION,14.2,72.0,19.3,20.1,23.2,42.4,4.7,6.9,1.1,9,3,0.2,7.6,5.8,12.3
22953,2025-12-18,Bharuch,Surat,ST_SECTION,-0.1,46.9,107.9,141.5,30.1,50.7,2.2,2.3,2.3,10,3,3.3,9.3,8.6,9.0
12932,2025-03-22,Surat,Vadodara,BRC_SECTION,10.4,76.7,22.8,21.1,30.6,54.4,4.1,6.0,2.2,19,5,2.6,7.8,4.8,9.6
12931,2025-12-30,Delhi,Jaipur,JP_SECTION,11.8,85.9,82.7,65.9,34.1,45.6,6.9,0.5,3.0,10,1,5.1,6.3,4.5,8.7
12010,2025-10-28,Bharuch,Surat,ST_SECTION,10.3,79.3,45.2,36.6,39.4,49.9,2.4,7.5,4.9,9,1,4.5,8.5,7.1,4.6
12932,2025-12-27,Ahmedabad,Sabarmati,SBT_SECTION,12.4,85.2,98.4,77.8,49.4,62.4,1.6,3.9,4.1,21,5,0.2,9.8,7.8,12.3
12931,2025-07-10,Vadodara,Ahmedabad,ADI_SECTION,0.1,51.5,45.5,60.7,38.1,58.7,4.1,7.3,3.8,11,3,0.0,5.8,3.4,0.1
12009,2025-11-23,Jaipur,Ajmer,AII_SECTION,15.0,83.0,99.9,74.3,32.1,51.7,3.3,4.5,1.4,18,6,3.6,6.8,7.1,14.6
12931,2025-12-06,Jaipur,Ajmer,AII_SECTION,4.6,59.1,25.7,30.2,19.9,32.9,5.2,3.7,2.8,21,5,4.3,10.6,3.4,0.0
22954,2025-06-19,Delhi,Jaipur,JP_SECTION,3.1,49.8,19.6,28.3,32.6,45.9,3.3,2.6,0.2,19,3,9.0,6.2,4.3,7.0
12009,2025-10-02,Bharuch,Surat,ST_SECTION,11.7,94.3,40.3,32.7,33.5,44.6,2.2,8.6,5.5,17,3,4.8,6.0,7.7,8.3
12951,2025-11-23,Delhi,Jaipur,JP_SECTION,13.5,72.1,101.7,87.6,38.1,58.8,1.7,6.7,4.5,22,6,0.0,5.9,1.7,8.1
12931,2025-10-31,Delhi,Jaipur,JP_SECTION,6.4,61.9,108.9,112.3,38.1,61.4,4.8,9.9,2.2,8,4,0.0,9.0,3.3,10.3
12931,2025-10-09,Delhi,Jaipur,JP_SECTION,3.9,58.3,102.0,104.7,32.4,48.7,4.6,6.0,2.4,22,3,2.2,5.1,8.2,3.7
12010,2025-01-01,Jaipur,Ajmer,AII_SECTION,6.9,76.9,29.9,23.2,38.3,49.9,2.7,10.8,4.0,7,2,0.1,3.5,2.4,3.2
12010,2025-06-21,Ahmedabad,Sabarmati,SBT_SECTION,8.4,78.3,29.9,25.7,26.1,41.2,2.9,10.4,4.8,5,5,5.4,9.1,5.7,4.6
12931,2025-04-09,Anand,Vadodara,BRC_SECTION,8.9,77.4,55.7,47.5,37.7,57.7,4.4,13.7,1.1,21,2,6.0,10.4,4.8,7.3
12951,2025-07-06,Mumbai Central,Vadodara,BRC_SECTION,3.8,79.7,119.5,101.5,18.2,41.2,3.2,8.1,3.3,9,6,1.6,7.6,0.8,2.9
12952,2025-04-10,Mumbai Central,Vadodara,BRC_SECTION,5.8,75.9,49.2,51.1,26.3,45.9,3.1,8.9,2.0,9,3,0.5,10.8,2.1,8.5
12931,2025-08-04,Vadodara,Ahmedabad,ADI_SECTION,3.4,91.1,34.9,21.5,39.6,50.4,3.6,6.4,2.4,19,0,10.8,5.6,9.4,6.9
22953,2025-05-30,Vadodara,Ahmedabad,ADI_SECTION,1.6,63.3,100.4,100.1,34.0,43.3,2.3,8.1,0.0,19,4,7.0,7.4,6.6,4.8
22953,2025-03-06,Delhi,Jaipur,JP_SECTION,19.3,70.4,80.0,71.8,30.3,40.6,2.9,2.6,3.0,13,3,2.0,8.6,8.4,10.9
12009,2025-07-02,Vadodara,Ahmedabad,ADI_SECTION,12.4,45.7,58.8,86.9,33.3,46.6,3.2,4.2,5.8,15,2,0.0,2.5,0.8,9.2
12010,2025-05-02,Delhi,Jaipur,JP_SECTION,6.5,75.1,45.9,42.8,48.5,68.9,3.2,3.7,0.0,7,4,5.0,14.0,7.8,10.4
12932,2025-05-11,Ahmedabad,Sabarmati,SBT_SECTION,12.6,79.6,117.3,93.0,25.7,49.4,2.7,3.0,2.6,9,6,10.6,11.8,5.2,9.2
12951,2025-03-03,Jaipur,Ajmer,AII_SECTION,3.6,95.5,35.6,29.9,21.8,39.7,4.6,8.4,1.9,5,0,0.0,5.4,8.8,0.1
22954,2025-07-23,Bharuch,Surat,ST_SECTION,-2.0,75.7,99.8,82.3,29.2,52.7,2.2,9.4,2.4,13,2,4.3,12.4,8.5,-0.8
12932,2025-07-05,Mumbai Central,Vadodara,BRC_SECTION,7.7,50.1,114.7,146.6,29.3,43.8,4.6,2.7,4.1,19,5,4.4,6.2,8.0,7.8
12952,2025-09-21,Surat,Vadodara,BRC_SECTION,11.6,56.4,99.5,107.4,40.8,64.6,1.7,8.3,1.4,21,6,7.1,11.2,8.6,20.6
12009,2025-08-02,Surat,Vadodara,BRC_SECTION,5.0,65.0,69.9,68.5,33.3,43.6,4.0,2.7,3.2,20,5,10.9,6.1,7.0,7.2
22954,2025-05-06,Delhi,Jaipur,JP_SECTION,10.1,61.3,21.9,27.4,37.5,48.1,4.6,6.4,4.9,6,1,5.0,4.3,2.8,10.9
22954,2025-10-26,Delhi,Jaipur,JP_SECTION,0.6,59.9,17.5,12.9,32.1,55.6,3.3,13.3,1.3,21,6,2.6,12.0,5.2,5.1
12951,2025-06-09,Bharuch,Surat,ST_SECTION,14.2,65.5,37.2,37.7,32.1,54.1,2.1,6.5,4.2,13,0,4.2,7.1,3.9,12.7
12952,2025-06-16,Ahmedabad,Sabarmati,SBT_SECTION,14.9,88.0,19.0,22.5,34.3,49.4,3.2,6.9,0.0,14,0,0.0,5.7,5.8,12.8
22954,2025-09-13,Vadodara,Ahmedabad,ADI_SECTION,6.0,65.3,96.0,96.7,28.1,40.5,2.2,6.4,2.3,17,5,4.6,9.8,5.1,6.4
22953,2025-04-23,Ahmedabad,Sabarmati,SBT_SECTION,6.1,74.1,84.3,68.2,30.3,49.4,1.9,5.8,1.4,6,2,12.1,3.2,8.2,5.8
22954,2025-11-29,Jaipur,Ajmer,AII_SECTION,11.6,83.7,22.6,23.0,34.2,52.1,2.6,5.6,5.4,22,5,4.6,7.9,7.3,7.6
12931,2025-07-14,Ahmedabad,Sabarmati,SBT_SECTION,8.1,62.7,22.6,22.7,24.4,35.8,3.5,5.7,1.5,17,0,10.1,3.8,2.7,8.0
12952,2025-06-26,Delhi,Jaipur,JP_SECTION,6.5,69.7,65.4,58.2,21.7,38.7,2.7,12.3,3.5,6,3,9.4,6.4,8.3,5.5
12931,2025-01-02,Vadodara,Ahmedabad,ADI_SECTION,10.5,66.1,34.0,26.3,42.3,62.7,2.8,0.0,3.1,15,3,12.5,9.1,9.7,8.8
22954,2025-05-09,Jaipur,Ajmer,AII_SECTION,12.7,74.0,38.1,41.3,42.0,50.2,4.8,7.5,0.6,6,4,0.0,5.9,5.6,6.7
12010,2025-01-14,Mumbai Central,Vadodara,BRC_SECTION,11.4,50.9,98.9,121.7,29.1,49.0,4.1,13.0,2.3,6,1,9.2,6.3,7.3,10.0
12952,2025-05-08,Delhi,Jaipur,JP_SECTION,1.6,72.5,95.6,84.8,32.3,42.1,1.0,2.2,3.2,7,3,0.0,9.7,6.7,0.1
12952,2025-06-30,Jaipur,Ajmer,AII_SECTION,11.9,68.4,63.9,61.0,35.1,58.4,2.5,13.3,4.3,9,0,0.0,6.9,2.3,12.2
12952,2025-08-08,Jaipur,Ajmer,AII_SECTION,7.1,68.5,99.4,96.6,43.3,60.4,1.4,7.2,2.8,11,4,9.2,10.4,0.8,10.3
22953,2025-01-29,Vadodara,Ahmedabad,ADI_SECTION,10.5,70.5,68.3,57.9,35.7,58.3,2.1,2.6,3.8,15,2,19.2,7.5,6.6,10.5
12952,2025-08-15,Vadodara,Ahmedabad,ADI_SECTION,2.4,80.6,81.7,66.4,34.9,43.7,3.1,9.3,4.2,8,4,0.0,11.0,12.2,0.8
12931,2025-04-13,Anand,Vadodara,BRC_SECTION,0.4,73.0,36.6,31.2,32.4,40.4,2.6,1.8,4.2,14,6,0.0,2.7,2.7,-2.7
22953,2025-01-14,Mumbai Central,Vadodara,BRC_SECTION,14.5,84.4,58.7,45.6,21.3,45.9,1.9,5.3,1.7,11,1,11.0,2.0,4.9,8.0
22953,2025-10-08,Jaipur,Ajmer,AII_SECTION,11.7,74.9,102.8,85.0,29.1,43.1,6.0,6.7,0.2,11,2,6.6,3.1,5.8,15.4
12009,2025-02-03,Anand,Vadodara,BRC_SECTION,-2.0,72.4,96.8,89.9,38.7,63.2,5.2,5.7,1.2,8,0,1.5,4.5,9.0,2.4
12952,2025-02-21,Anand,Vadodara,BRC_SECTION,4.6,71.2,18.2,16.9,23.2,47.9,1.0,6.4,2.4,19,4,7.5,7.8,3.5,5.8
12931,2025-02-16,Mumbai Central,Vadodara,BRC_SECTION,9.7,67.8,82.9,79.1,39.6,57.1,3.8,0.1,1.7,15,6,5.3,4.7,7.4,10.2
12931,2025-05-05,Ahmedabad,Sabarmati,SBT_SECTION,4.8,41.5,34.7,53.3,22.5,36.2,3.6,2.4,1.3,11,0,7.8,8.5,3.7,2.3
12951,2025-05-12,Anand,Vadodara,BRC_SECTION,7.7,76.9,84.1,67.4,28.1,36.8,4.4,2.7,0.1,11,0,5.1,7.6,3.1,0.5
12010,2025-04-07,Mumbai Central,Vadodara,BRC_SECTION,9.1,73.4,86.0,73.5,44.6,56.2,3.9,10.9,2.5,11,0,5.5,6.3,3.5,6.6
22954,2025-12-10,Delhi,Jaipur,JP_SECTION,14.2,88.3,64.2,53.9,17.5,26.3,5.7,7.2,0.0,19,2,7.7,8.0,8.3,10.5
22954,2025-07-03,Bharuch,Surat,ST_SECTION,0.9,69.8,19.6,20.3,48.5,57.3,4.4,5.6,1.1,22,3,2.3,2.7,5.0,4.3
22954,2025-10-21,Anand,Vadodara,BRC_SECTION,2.3,62.1,72.1,72.3,16.9,38.0,4.3,0.0,3.6,5,1,5.5,6.8,4.5,0.9
12009,2025-05-18,Mumbai Central,Vadodara,BRC_SECTION,0.5,75.7,49.6,48.7,43.1,63.2,4.1,2.0,1.8,16,6,8.5,7.8,3.0,3.5
12009,2025-11-22,Ahmedabad,Sabarmati,SBT_SECTION,10.8,83.7,91.9,71.0,29.4,38.4,3.4,3.3,3.7,11,5,2.7,13.0,9.4,7.0
12932,2025-10-04,Vadodara,Ahmedabad,ADI_SECTION,6.5,76.9,40.1,36.9,43.5,61.2,2.9,5.6,1.8,21,5,7.9,8.6,8.7,8.6
12010,2025-12-08,Mumbai Central,Vadodara,BRC_SECTION,5.2,86.7,61.5,53.9,43.6,64.0,3.6,6.0,4.2,16,0,0.0,10.7,1.5,3.8
12951,2025-02-24,Delhi,Jaipur,JP_SECTION,5.5,78.8,119.4,95.2,37.6,57.9,2.9,7.6,4.0,9,0,0.0,6.3,7.5,5.2
12952,2025-10-10,Jaipur,Ajmer,AII_SECTION,14.9,73.2,106.0,91.8,23.4,43.0,2.9,9.4,2.9,17,4,0.0,2.5,8.3,13.3
12952,2025-12-18,Surat,Vadodara,BRC_SECTION,4.0,78.7,34.9,30.3,16.7,41.4,3.7,10.9,3.8,14,3,7.3,10.5,6.4,-3.0
12951,2025-01-08,Delhi,Jaipur,JP_SECTION,8.1,96.0,106.4,69.3,24.6,47.8,3.7,1.0,0.7,11,2,13.0,8.4,5.8,3.5
12951,2025-08-17,Bharuch,Surat,ST_SECTION,13.9,43.4,85.5,127.5,19.8,35.4,6.0,5.5,1.8,17,6,0.0,7.4,4.3,10.7
12010,2025-03-19,Mumbai Central,Vadodara,BRC_SECTION,0.4,59.1,114.6,122.2,36.4,49.1,2.9,0.0,2.6,14,2,3.1,11.3,4.7,-0.5
12951,2025-03-14,Vadodara,Ahmedabad,ADI_SECTION,8.3,71.7,101.6,88.2,29.8,46.1,2.4,6.0,2.6,12,4,1.6,15.2,5.3,12.9
12931,2025-07-06,Bharuch,Surat,ST_SECTION,6.3,76.1,43.3,38.9,38.9,57.6,4.0,10.2,1.0,6,6,4.8,7.1,5.6,6.5
12010,2025-04-22,Surat,Vadodara,BRC_SECTION,-2.0,80.4,75.8,59.5,20.8,42.5,5.4,4.9,0.5,15,1,10.5,7.5,5.2,0.8
22953,2025-03-15,Mumbai Central,Vadodara,BRC_SECTION,4.7,72.5,119.5,99.3,35.3,46.2,1.0,5.7,2.5,19,5,9.0,8.6,11.0,9.2
22954,2025-08-21,Vadodara,Ahmedabad,ADI_SECTION,-2.0,75.0,19.7,20.8,38.4,58.2,2.7,2.5,0.2,11,3,7.3,10.4,6.0,-3.0
22953,2025-12-17,Surat,Vadodara,BRC_SECTION,11.0,59.2,31.4,40.3,30.3,49.4,1.0,0.0,3.6,16,2,6.2,8.9,9.0,7.4
12931,2025-11-05,Anand,Vadodara,BRC_SECTION,4.5,61.7,84.0,90.3,34.9,58.1,1.3,2.3,3.4,13,2,0.0,2.0,7.7,2.3
22954,2025-09-14,Ahmedabad,Sabarmati,SBT_SECTION,16.1,61.3,62.2,70.5,37.4,47.6,5.0,8.3,4.0,12,6,2.1,7.1,10.6,13.3
22954,2025-11-13,Delhi,Jaipur,JP_SECTION,10.1,67.5,15.2,26.3,32.4,55.8,3.4,1.6,6.1,7,3,11.8,13.4,2.3,8.8
22953,2025-10-25,Ahmedabad,Sabarmati,SBT_SECTION,11.6,73.1,109.6,95.6,30.3,42.1,3.2,1.7,1.6,11,5,0.0,6.1,4.5,14.5
12009,2025-06-22,Bharuch,Surat,ST_SECTION,7.8,75.8,92.4,78.2,29.9,40.9,3.6,7.3,5.3,14,6,1.3,8.6,7.4,7.6
22953,2025-01-06,Bharuch,Surat,ST_SECTION,2.0,62.4,25.0,36.7,43.0,64.2,1.2,7.1,4.0,16,0,8.7,11.0,4.7,3.9
22953,2025-11-11,Bharuch,Surat,ST_SECTION,3.3,48.2,67.8,89.1,36.4,52.6,3.0,7.6,5.1,11,1,5.9,5.9,10.0,3.6
22953,2025-02-17,Delhi,Jaipur,JP_SECTION,-2.0,68.1,97.6,94.2,32.3,52.7,3.7,5.1,1.8,22,0,5.7,8.2,3.3,2.7
12009,2025-12-05,Ahmedabad,Sabarmati,SBT_SECTION,11.9,37.1,62.1,101.2,28.9,37.7,2.0,6.6,0.9,18,4,6.7,4.7,7.0,17.0
12932,2025-06-23,Delhi,Jaipur,JP_SECTION,3.0,68.5,38.1,38.9,31.7,46.9,3.1,6.4,4.1,16,0,2.9,9.8,4.7,-1.4
22953,2025-12-25,Ahmedabad,Sabarmati,SBT_SECTION,13.1,57.4,77.8,78.3,37.2,56.6,2.8,0.0,2.6,18,3,7.3,6.5,0.8,13.3
12952,2025-10-31,Vadodara,Ahmedabad,ADI_SECTION,12.1,72.9,38.4,35.9,25.3,38.7,2.4,6.0,1.4,5,4,5.2,11.8,10.2,6.4
12951,2025-09-17,Delhi,Jaipur,JP_SECTION,9.8,64.3,87.0,84.9,38.1,56.1,1.0,1.8,2.1,9,2,0.0,10.3,2.7,10.4
12931,2025-07-16,Surat,Vadodara,BRC_SECTION,13.4,62.0,102.9,107.1,18.3,33.1,5.3,5.8,2.6,12,2,4.9,10.0,6.8,8.5
12932,2025-03-06,Ahmedabad,Sabarmati,SBT_SECTION,13.9,63.8,62.4,63.2,28.9,37.7,5.4,7.5,3.4,5,3,0.0,10.4,7.2,5.6
12932,2025-12-24,Surat,Vadodara,BRC_SECTION,-0.3,48.3,104.5,139.2,32.3,53.2,2.9,5.6,2.0,13,2,5.5,10.5,5.8,3.9
12931,2025-10-27,Bharuch,Surat,ST_SECTION,14.9,97.2,89.7,57.5,27.1,47.9,1.9,7.0,1.9,19,0,1.4,11.4,4.7,6.3
12952,2025-10-12,Jaipur,Ajmer,AII_SECTION,5.4,72.3,99.3,92.7,37.3,60.2,2.3,6.9,4.8,8,6,0.4,7.9,5.5,3.5
12951,2025-10-02,Ahmedabad,Sabarmati,SBT_SECTION,2.6,82.1,14.5,22.3,36.5,45.9,1.2,0.1,2.0,14,3,0.0,7.3,7.0,5.7
22953,2025-11-25,Delhi,Jaipur,JP_SECTION,-2.0,76.0,93.2,80.2,17.9,40.1,3.3,5.6,0.0,17,1,0.0,9.0,0.9,-2.8
12009,2025-09-30,Mumbai Central,Vadodara,BRC_SECTION,11.7,44.4,66.7,93.8,40.7,55.3,2.2,12.6,2.6,18,1,1.8,9.1,2.5,8.6
12952,2025-10-11,Mumbai Central,Vadodara,BRC_SECTION,-0.8,66.0,112.4,102.1,16.0,39.9,3.7,10.4,2.3,16,5,0.3,12.0,9.9,1.0
22953,2025-01-12,Delhi,Jaipur,JP_SECTION,1.2,84.2,110.9,82.7,36.1,59.5,1.5,4.8,3.1,22,6,1.9,8.8,2.7,-3.0
22953,2025-12-14,Jaipur,Ajmer,AII_SECTION,6.0,69.4,64.9,54.4,25.7,49.6,1.0,2.5,0.8,11,6,3.3,3.5,3.7,0.9
12009,2025-05-30,Vadodara,Ahmedabad,ADI_SECTION,17.3,88.2,95.5,68.4,24.3,41.8,2.0,8.6,3.1,21,4,0.0,8.0,5.3,12.0
12951,2025-11-19,Delhi,Jaipur,JP_SECTION,7.9,80.7,44.5,36.7,35.9,57.3,3.1,0.0,4.6,20,2,8.6,5.7,6.3,2.7
22953,2025-03-30,Anand,Vadodara,BRC_SECTION,5.0,60.2,45.8,54.9,42.4,53.4,2.6,0.0,1.0,12,6,3.2,11.4,3.6,1.4
12009,2025-04-28,Surat,Vadodara,BRC_SECTION,2.1,56.6,104.2,116.4,30.2,49.3,3.6,7.3,2.6,14,0,8.8,3.9,5.9,7.5
22954,2025-12-31,Jaipur,Ajmer,AII_SECTION,9.6,56.1,31.2,43.2,38.6,58.2,2.8,8.1,0.8,19,2,5.1,11.0,7.6,10.2
12010,2025-02-12,Delhi,Jaipur,JP_SECTION,10.2,62.2,67.6,68.6,28.9,48.6,4.9,5.4,1.7,17,2,2.4,13.1,5.6,10.4
12931,2025-12-16,Anand,Vadodara,BRC_SECTION,2.8,62.7,108.8,105.5,27.8,52.8,3.2,1.4,1.1,7,1,3.5,10.9,3.0,5.4
12009,2025-08-10,Mumbai Central,Vadodara,BRC_SECTION,9.8,70.9,16.3,20.7,34.4,49.0,2.1,2.2,0.9,12,6,6.3,7.6,8.8,4.8
12009,2025-04-14,Anand,Vadodara,BRC_SECTION,4.9,58.6,11.4,15.7,19.2,32.5,3.7,4.3,1.4,17,0,7.6,11.5,6.0,2.4
12931,2025-09-08,Delhi,Jaipur,JP_SECTION,10.1,71.2,93.7,83.4,39.5,50.3,4.8,4.0,1.3,13,0,2.8,11.6,4.1,8.7
22953,2025-12-21,Surat,Vadodara,BRC_SECTION,15.9,94.2,75.6,57.3,31.6,54.4,3.4,1.4,2.5,17,6,17.0,10.2,6.5,12.3
12951,2025-09-12,Vadodara,Ahmedabad,ADI_SECTION,13.8,51.8,43.8,50.4,42.5,51.1,6.6,1.3,2.3,8,4,0.0,9.1,3.6,14.9
22954,2025-09-10,Vadodara,Ahmedabad,ADI_SECTION,-2.0,51.0,12.7,20.5,36.1,55.8,2.3,7.0,3.4,18,2,0.0,10.6,5.0,-2.4
12009,2025-06-01,Mumbai Central,Vadodara,BRC_SECTION,10.9,56.6,23.7,25.8,28.4,42.0,4.1,0.0,2.3,20,6,11.8,11.6,2.3,5.9
22954,2025-12-12,Surat,Vadodara,BRC_SECTION,-0.7,76.8,74.7,64.6,54.1,76.7,3.5,9.7,1.2,8,4,8.6,10.0,8.8,9.9
12932,2025-11-14,Delhi,Jaipur,JP_SECTION,2.7,72.1,88.3,82.5,23.2,36.0,2.7,12.5,2.5,19,4,10.9,8.7,8.2,8.0
22954,2025-05-31,Vadodara,Ahmedabad,ADI_SECTION,9.5,63.0,99.2,102.3,21.8,44.1,4.5,3.5,0.8,11,5,4.8,10.5,7.7,9.5
12932,2025-04-08,Ahmedabad,Sabarmati,SBT_SECTION,11.1,64.0,118.7,118.4,37.2,49.5,2.4,13.8,4.0,19,1,3.6,3.4,4.3,10.6
12932,2025-12-30,Ahmedabad,Sabarmati,SBT_SECTION,12.2,66.9,96.3,92.1,30.3,52.7,1.7,7.5,2.0,13,1,3.8,8.9,6.7,4.7
12931,2025-11-18,Vadodara,Ahmedabad,ADI_SECTION,9.4,55.6,90.1,99.6,38.1,59.7,3.1,0.0,1.9,14,1,0.0,11.2,12.3,14.2
22954,2025-09-04,Anand,Vadodara,BRC_SECTION,9.8,69.9,60.6,60.0,38.0,50.4,3.9,5.6,5.2,6,3,0.6,2.0,3.3,3.4
12010,2025-03-10,Delhi,Jaipur,JP_SECTION,9.5,80.5,87.8,73.8,40.5,52.4,2.3,7.9,1.9,6,0,0.0,12.5,3.7,7.0
12932,2025-03-16,Delhi,Jaipur,JP_SECTION,8.1,87.3,38.3,26.7,25.4,38.7,2.7,5.6,1.7,17,6,12.7,7.1,4.3,-0.5
12952,2025-08-21,Ahmedabad,Sabarmati,SBT_SECTION,7.0,62.1,30.9,27.8,26.8,35.7,4.9,11.3,4.2,22,3,2.2,7.9,3.3,3.0
12010,2025-07-31,Vadodara,Ahmedabad,ADI_SECTION,-0.4,60.0,91.1,98.1,41.8,61.8,2.8,6.7,2.5,22,3,9.2,11.2,7.4,5.9
12931,2025-10-04,Bharuch,Surat,ST_SECTION,3.3,62.0,64.9,76.2,27.7,46.6,3.5,14.1,2.3,12,5,4.5,4.2,5.3,7.5
12010,2025-06-29,Bharuch,Surat,ST_SECTION,2.2,52.4,27.9,33.7,38.3,56.9,5.7,4.9,3.4,18,6,1.1,6.1,2.8,0.7
22953,2025-02-03,Ahmedabad,Sabarmati,SBT_SECTION,1.0,71.1,57.4,54.2,31.2,48.1,5.1,8.7,3.0,19,0,4.1,12.1,0.8,3.4
12009,2025-08-27,Bharuch,Surat,ST_SECTION,12.0,83.0,14.5,13.9,34.7,55.7,1.1,0.0,1.6,18,2,0.0,3.9,2.3,3.7
12951,2025-12-06,Vadodara,Ahmedabad,ADI_SECTION,15.5,51.7,30.1,35.0,22.9,32.7,2.8,3.5,2.4,12,5,3.6,6.3,8.1,5.7
12932,2025-12-01,Anand,Vadodara,BRC_SECTION,0.4,86.0,52.4,43.6,40.1,60.6,1.7,8.1,2.8,21,0,0.0,8.1,6.4,-0.8
12010,2025-07-03,Delhi,Jaipur,JP_SECTION,8.2,57.2,43.2,48.9,34.2,54.6,4.2,2.3,3.8,15,3,5.8,7.0,9.3,0.2
12932,2025-04-09,Ahmedabad,Sabarmati,SBT_SECTION,6.3,66.8,117.9,114.4,33.6,57.4,6.5,9.6,3.1,8,2,10.6,10.2,5.5,5.0
12009,2025-01-04,Anand,Vadodara,BRC_SECTION,16.7,63.6,95.2,93.4,41.5,52.0,4.2,5.7,2.3,11,5,12.4,14.7,5.8,15.4
12010,2025-05-14,Delhi,Jaipur,JP_SECTION,13.5,68.5,96.9,92.6,45.5,58.5,2.6,5.1,1.2,15,2,0.0,8.8,7.2,12.1
22954,2025-02-08,Mumbai Central,Vadodara,BRC_SECTION,18.3,79.5,113.0,87.3,26.7,36.3,3.4,6.5,3.3,12,5,3.6,2.3,6.6,10.2
22953,2025-06-09,Anand,Vadodara,BRC_SECTION,9.5,61.3,117.3,111.9,22.8,34.7,3.6,8.5,3.8,11,0,2.0,8.2,6.8,2.1
12931,2025-01-30,Mumbai Central,Vadodara,BRC_SECTION,13.5,55.0,55.4,68.9,32.1,47.2,2.9,2.2,3.0,9,3,1.6,5.9,10.1,6.6
12951,2025-05-22,Jaipur,Ajmer,AII_SECTION,14.6,63.9,60.3,64.4,29.3,54.0,5.1,0.0,0.0,11,3,2.4,10.0,5.9,12.2
12009,2025-01-01,Anand,Vadodara,BRC_SECTION,1.9,87.9,33.1,30.8,21.0,37.5,4.0,1.7,2.0,16,2,0.0,7.3,4.8,1.9
22953,2025-07-20,Surat,Vadodara,BRC_SECTION,4.2,72.4,84.1,69.0,29.8,43.6,3.3,8.1,0.0,15,6,6.6,8.0,2.0,10.1
12010,2025-10-21,Vadodara,Ahmedabad,ADI_SECTION,4.9,47.4,31.5,48.8,31.4,54.9,1.1,7.3,2.4,22,1,3.5,12.8,0.8,7.6
12009,2025-05-02,Delhi,Jaipur,JP_SECTION,8.2,82.5,23.4,22.9,49.8,74.6,1.1,10.7,4.1,22,4,13.7,9.8,6.7,11.1
12951,2025-03-22,Vadodara,Ahmedabad,ADI_SECTION,13.0,73.9,23.2,26.1,25.8,34.7,4.1,0.0,2.6,15,5,0.1,11.3,9.2,4.9
12010,2025-02-16,Ahmedabad,Sabarmati,SBT_SECTION,5.4,46.9,36.7,55.6,17.4,27.1,4.4,5.1,0.0,19,6,2.5,11.1,3.4,3.7
12952,2025-12-31,Anand,Vadodara,BRC_SECTION,5.8,60.1,55.7,63.7,22.5,46.5,4.2,7.8,6.0,5,2,2.4,10.9,4.5,0.9
12952,2025-07-21,Surat,Vadodara,BRC_SECTION,6.4,57.1,54.2,64.7,24.5,42.8,4.7,7.4,0.0,7,0,2.6,7.4,7.5,11.4
12932,2025-04-19,Vadodara,Ahmedabad,ADI_SECTION,4.4,61.5,25.6,28.4,35.6,58.5,3.1,4.5,3.9,15,5,6.4,7.3,0.8,1.8
12931,2025-10-30,Jaipur,Ajmer,AII_SECTION,9.3,61.1,83.9,87.9,38.8,61.2,5.1,9.7,2.3,19,3,7.6,6.8,5.6,9.7
12931,2025-02-16,Bharuch,Surat,ST_SECTION,6.3,90.9,13.5,13.6,31.3,53.5,4.1,4.4,2.9,18,6,0.0,6.3,10.1,-2.2
12952,2025-04-09,Bharuch,Surat,ST_SECTION,6.4,60.1,67.6,72.2,35.7,46.0,5.0,5.9,4.5,15,2,1.9,4.3,6.9,7.4
12952,2025-12-12,Ahmedabad,Sabarmati,SBT_SECTION,9.3,60.9,109.3,115.2,38.8,62.7,6.4,3.3,0.7,10,4,8.2,8.1,5.1,9.3
12951,2025-01-13,Anand,Vadodara,BRC_SECTION,13.2,53.0,111.7,128.8,15.3,39.0,4.7,6.0,0.9,6,0,0.0,4.2,5.9,7.6
12010,2025-12-08,Mumbai Central,Vadodara,BRC_SECTION,2.0,77.3,62.0,54.6,24.1,35.7,3.3,0.0,1.3,20,0,4.0,5.4,5.8,2.3
12009,2025-07-17,Vadodara,Ahmedabad,ADI_SECTION,7.4,79.1,97.1,80.3,34.3,47.6,7.1,4.4,0.0,17,3,7.7,6.3,7.4,13.0
12931,2025-05-10,Mumbai Central,Vadodara,BRC_SECTION,0.6,76.4,84.6,70.1,25.8,40.7,5.2,1.7,3.5,19,5,7.9,4.6,3.3,1.9
12952,2025-06-09,Anand,Vadodara,BRC_SECTION,8.4,63.5,111.0,111.7,34.7,46.5,3.3,9.0,4.5,12,0,0.1,6.9,3.0,8.6
22954,2025-04-02,Jaipur,Ajmer,AII_SECTION,8.2,60.3,106.0,111.8,29.8,39.5,3.3,11.9,1.6,9,2,2.8,12.8,4.0,4.6
22953,2025-12-14,Jaipur,Ajmer,AII_SECTION,14.3,65.5,87.7,88.0,33.3,50.9,4.0,8.9,4.4,17,6,7.8,7.4,5.3,13.7
12009,2025-05-02,Vadodara,Ahmedabad,ADI_SECTION,10.4,77.4,75.4,69.4,38.3,47.0,4.0,9.6,2.0,16,4,5.9,10.1,7.6,11.0
12009,2025-10-12,Jaipur,Ajmer,AII_SECTION,5.7,58.9,89.8,95.8,24.9,33.4,3.4,11.4,1.7,10,6,0.0,5.7,2.8,5.6
22953,2025-02-20,Mumbai Central,Vadodara,BRC_SECTION,17.1,57.2,90.0,94.5,30.0,40.7,3.6,0.3,2.5,15,3,4.9,5.1,8.0,14.5
12931,2025-02-17,Delhi,Jaipur,JP_SECTION,4.0,79.2,17.4,18.0,34.9,47.7,1.3,8.4,3.0,13,0,8.6,6.1,6.7,7.2
12951,2025-07-10,Bharuch,Surat,ST_SECTION,6.6,70.0,43.8,41.8,24.3,47.4,3.1,1.7,1.9,21,3,5.3,11.8,10.0,4.9
22954,2025-09-24,Vadodara,Ahmedabad,ADI_SECTION,-0.2,68.0,60.5,59.4,28.2,36.5,2.8,0.0,0.0,6,2,0.0,8.8,4.2,-3.0
12009,2025-07-14,Surat,Vadodara,BRC_SECTION,14.8,69.9,110.9,101.4,34.9,53.7,4.6,10.1,3.6,19,0,9.3,5.3,0.8,15.2
12952,2025-09-16,Ahmedabad,Sabarmati,SBT_SECTION,-2.0,46.3,82.0,109.0,23.2,38.8,2.6,1.7,3.0,22,1,3.3,4.7,3.4,2.3
22954,2025-09-22,Surat,Vadodara,BRC_SECTION,21.2,52.4,100.3,122.6,32.2,44.1,3.5,3.3,2.9,5,0,5.7,14.3,9.8,15.1
22954,2025-08-05,Jaipur,Ajmer,AII_SECTION,11.6,61.3,108.5,112.0,39.9,54.0,3.6,6.2,0.0,19,1,0.0,5.9,12.4,8.4
12010,2025-08-05,Anand,Vadodara,BRC_SECTION,1.5,60.5,11.6,12.5,33.5,55.7,2.7,2.5,0.9,13,1,1.2,9.3,9.5,1.4
12010,2025-01-14,Mumbai Central,Vadodara,BRC_SECTION,4.1,78.4,83.3,68.7,36.4,45.2,2.1,9.4,1.7,17,1,4.1,9.3,9.3,5.2
22953,2025-03-01,Vadodara,Ahmedabad,ADI_SECTION,11.6,76.8,17.5,18.4,47.5,63.9,4.7,1.1,2.7,9,5,0.0,8.2,13.9,11.1
12952,2025-10-10,Jaipur,Ajmer,AII_SECTION,5.8,64.8,60.9,61.6,32.9,46.4,1.7,5.4,1.7,20,4,4.4,6.6,8.2,6.4
12010,2025-06-10,Vadodara,Ahmedabad,ADI_SECTION,16.4,85.7,70.9,57.5,29.4,39.2,4.4,0.0,2.8,7,1,9.4,9.3,3.0,12.5
12952,2025-04-18,Vadodara,Ahmedabad,ADI_SECTION,14.6,69.6,110.3,109.9,28.3,40.9,1.6,0.8,0.9,22,4,2.6,8.7,4.9,13.9
12932,2025-02-05,Anand,Vadodara,BRC_SECTION,-2.0,62.0,90.6,91.9,33.9,47.0,2.5,7.8,0.0,10,2,4.2,12.7,8.4,1.4
12931,2025-09-09,Anand,Vadodara,BRC_SECTION,5.3,71.3,116.5,101.9,34.5,48.3,1.0,6.2,1.9,16,1,0.0,3.1,8.6,5.4
12010,2025-05-21,Anand,Vadodara,BRC_SECTION,7.5,56.0,21.6,26.8,35.0,58.3,5.5,4.0,2.9,18,2,0.0,7.5,6.4,4.4
22954,2025-12-31,Anand,Vadodara,BRC_SECTION,9.2,91.8,78.0,47.1,32.1,47.8,3.5,8.9,4.0,17,2,0.0,9.3,4.6,13.1
12951,2025-08-12,Mumbai Central,Vadodara,BRC_SECTION,10.5,62.7,59.0,59.8,30.7,42.8,4.0,10.5,1.0,19,1,2.9,10.9,3.6,7.5
12010,2025-01-28,Ahmedabad,Sabarmati,SBT_SECTION,5.5,62.5,43.0,44.4,35.8,60.3,4.1,0.4,0.0,10,1,5.3,2.1,4.9,6.8
12952,2025-10-17,Bharuch,Surat,ST_SECTION,4.0,48.2,110.3,145.6,24.5,34.6,4.0,4.6,0.0,20,4,10.3,9.8,7.0,8.5
22953,2025-05-23,Anand,Vadodara,BRC_SECTION,15.2,60.6,47.1,57.9,43.6,57.4,3.4,0.0,0.9,13,4,0.0,6.3,3.2,14.0
12010,2025-08-25,Bharuch,Surat,ST_SECTION,9.3,65.0,94.7,97.2,38.7,57.7,1.0,8.4,1.2,14,0,5.9,10.8,3.8,6.6
22954,2025-01-05,Jaipur,Ajmer,AII_SECTION,8.5,58.4,105.1,109.3,33.7,42.2,3.9,5.1,3.1,14,6,0.0,9.0,7.6,11.0
22954,2025-03-24,Bharuch,Surat,ST_SECTION,9.0,66.1,67.0,63.4,28.0,38.8,5.2,4.4,4.2,10,0,6.1,5.5,0.8,4.4
22954,2025-04-09,Surat,Vadodara,BRC_SECTION,12.7,71.1,93.0,78.0,39.2,53.4,3.5,1.2,1.6,8,2,0.0,10.6,9.8,9.2
12010,2025-06-22,Delhi,Jaipur,JP_SECTION,-2.0,92.3,21.9,20.8,30.4,38.8,3.1,8.1,1.6,22,6,10.5,8.4,8.3,-0.4
12952,2025-06-10,Surat,Vadodara,BRC_SECTION,8.0,79.2,46.5,35.4,42.9,52.3,3.2,6.0,1.1,13,1,3.8,7.1,5.9,10.1
22953,2025-06-03,Mumbai Central,Vadodara,BRC_SECTION,7.7,59.3,105.0,111.8,49.3,66.3,6.2,0.0,4.0,17,1,0.0,10.9,5.7,12.6
12951,2025-01-04,Mumbai Central,Vadodara,BRC_SECTION,17.0,72.4,41.4,32.0,34.6,56.0,3.8,7.0,0.0,16,5,12.8,8.3,6.6,16.7
22954,2025-11-03,Anand,Vadodara,BRC_SECTION,-2.0,48.1,24.9,42.8,24.2,46.6,3.8,6.3,4.3,10,0,4.1,10.1,8.9,-0.6
12952,2025-02-04,Bharuch,Surat,ST_SECTION,5.4,70.8,94.9,85.6,29.8,45.4,5.0,13.0,3.1,20,1,11.8,5.6,6.6,11.8
12010,2025-02-15,Jaipur,Ajmer,AII_SECTION,5.1,66.4,42.9,42.2,35.8,55.3,1.4,2.6,0.6,12,5,13.2,11.9,7.6,3.2
12010,2025-06-17,Anand,Vadodara,BRC_SECTION,13.8,69.1,28.9,36.1,36.3,49.6,1.7,1.0,0.3,19,1,0.0,4.0,5.1,12.2
12931,2025-04-06,Vadodara,Ahmedabad,ADI_SECTION,0.0,79.4,109.9,81.5,26.5,43.5,3.6,7.7,3.9,19,6,5.5,10.7,6.0,1.2
12951,2025-08-31,Anand,Vadodara,BRC_SECTION,6.0,58.0,46.1,53.7,23.7,34.4,4.3,2.6,1.9,6,6,0.2,10.1,7.3,-1.1
12931,2025-02-21,Bharuch,Surat,ST_SECTION,7.2,83.6,78.2,66.0,39.3,58.0,2.4,6.7,3.1,22,4,1.4,4.6,5.4,4.9
12932,2025-06-19,Delhi,Jaipur,JP_SECTION,20.2,88.7,28.4,26.7,26.5,43.5,1.5,1.3,0.0,16,3,2.2,9.3,0.8,11.2
12932,2025-06-10,Surat,Vadodara,BRC_SECTION,1.4,61.2,102.1,108.8,24.1,45.4,3.7,4.3,2.8,16,1,0.0,7.3,5.5,2.5
12951,2025-11-06,Jaipur,Ajmer,AII_SECTION,1.0,55.3,31.4,37.6,22.7,43.8,4.8,10.5,4.5,8,3,6.1,7.2,6.5,2.4
12932,2025-05-30,Anand,Vadodara,BRC_SECTION,16.5,42.0,17.6,27.3,39.0,57.0,3.3,5.3,2.9,18,4,0.0,10.5,10.0,14.7
12931,2025-08-02,Mumbai Central,Vadodara,BRC_SECTION,-0.4,70.2,40.6,46.3,34.8,49.2,2.3,3.8,0.5,8,5,9.5,5.9,4.7,-0.4
12010,2025-11-14,Anand,Vadodara,BRC_SECTION,6.5,77.3,60.1,58.2,40.6,65.4,1.4,8.2,3.5,6,4,6.1,2.0,2.3,2.8
22953,2025-04-23,Anand,Vadodara,BRC_SECTION,6.8,68.8,20.8,23.3,18.5,41.0,4.4,7.7,0.9,12,2,1.5,6.4,0.8,2.5
12931,2025-08-17,Anand,Vadodara,BRC_SECTION,4.4,83.6,44.8,32.7,38.7,48.8,4.1,0.3,2.5,12,6,3.2,8.0,8.1,5.8
12952,2025-07-18,Delhi,Jaipur,JP_SECTION,11.0,68.0,72.4,67.5,37.1,50.2,3.5,5.6,5.3,18,4,7.5,12.1,5.5,15.5
12009,2025-01-05,Anand,Vadodara,BRC_SECTION,4.2,81.9,16.7,18.5,26.5,48.3,3.9,1.0,4.1,8,6,8.9,7.0,6.1,2.4
22953,2025-02-11,Mumbai Central,Vadodara,BRC_SECTION,11.0,50.5,92.3,110.2,31.6,56.5,4.2,2.4,3.8,18,1,0.5,8.0,2.8,9.8
12009,2025-02-08,Surat,Vadodara,BRC_SECTION,7.8,58.0,65.9,75.9,33.8,46.8,2.0,8.3,2.6,18,5,0.0,6.7,1.5,4.0
12931,2025-01-28,Bharuch,Surat,ST_SECTION,12.7,77.9,56.0,46.8,44.9,63.5,6.0,8.0,0.9,15,1,7.8,8.2,5.8,13.6
12932,2025-06-04,Delhi,Jaipur,JP_SECTION,9.8,61.5,10.4,17.2,35.3,57.6,2.4,10.9,0.9,20,2,6.9,10.3,9.8,9.9
12010,2025-03-19,Jaipur,Ajmer,AII_SECTION,9.7,72.1,115.8,106.1,21.4,45.1,3.5,0.0,2.2,6,2,0.0,12.0,0.8,3.7
12951,2025-08-06,Delhi,Jaipur,JP_SECTION,10.8,68.0,15.3,9.9,34.1,56.0,4.7,7.2,3.7,21,2,0.0,9.4,12.5,4.8
22953,2025-02-08,Delhi,Jaipur,JP_SECTION,3.1,57.5,72.8,77.3,31.8,43.4,4.8,7.3,1.2,12,5,6.4,6.7,8.9,4.9
12010,2025-02-27,Mumbai Central,Vadodara,BRC_SECTION,9.1,81.5,38.0,33.0,32.2,52.9,4.2,10.0,1.9,16,3,9.6,7.1,1.5,7.8
22953,2025-03-07,Delhi,Jaipur,JP_SECTION,9.7,68.4,85.8,85.6,26.3,41.5,1.4,6.4,4.4,18,4,7.5,9.7,3.5,6.0
12932,2025-09-16,Ahmedabad,Sabarmati,SBT_SECTION,3.3,79.9,79.1,61.1,44.2,64.9,3.8,12.0,2.8,21,1,0.0,8.0,0.8,7.5
12931,2025-10-10,Delhi,Jaipur,JP_SECTION,16.8,62.8,76.7,77.7,33.6,49.6,4.5,0.8,2.3,8,4,5.3,11.3,3.3,14.4
12010,2025-10-27,Mumbai Central,Vadodara,BRC_SECTION,18.7,72.6,102.6,92.1,39.1,50.1,2.9,9.3,1.9,18,0,6.1,6.8,8.6,21.1
22954,2025-07-17,Bharuch,Surat,ST_SECTION,4.8,80.4,65.3,56.1,37.9,58.3,3.0,14.7,2.8,22,3,8.1,2.0,7.6,6.3
22953,2025-08-30,Mumbai Central,Vadodara,BRC_SECTION,2.2,58.6,70.9,77.3,27.7,36.3,4.2,0.0,3.8,19,5,0.0,11.7,2.9,-0.6
12010,2025-05-25,Vadodara,Ahmedabad,ADI_SECTION,13.9,68.7,45.8,34.4,28.2,52.4,2.9,6.1,2.4,7,6,0.0,8.7,9.3,11.5
22954,2025-05-25,Surat,Vadodara,BRC_SECTION,0.9,68.8,34.3,36.5,38.4,54.4,2.7,6.1,0.4,8,6,3.3,7.3,10.4,2.2
12009,2025-05-13,Delhi,Jaipur,JP_SECTION,-2.0,66.3,103.9,98.2,42.4,65.2,4.0,0.0,3.8,19,1,3.9,2.0,6.3,-0.6
12931,2025-03-09,Anand,Vadodara,BRC_SECTION,7.9,61.2,32.8,40.7,29.0,39.2,2.9,9.2,5.4,10,6,7.2,8.6,4.8,7.1
22953,2025-10-28,Vadodara,Ahmedabad,ADI_SECTION,14.7,64.3,103.9,99.1,30.2,49.6,2.8,0.0,2.1,18,1,0.0,14.9,2.8,11.5
12931,2025-09-14,Jaipur,Ajmer,AII_SECTION,13.0,64.3,82.8,74.3,33.1,48.4,4.8,7.3,4.2,20,6,4.9,7.3,6.8,10.3
12010,2025-10-15,Delhi,Jaipur,JP_SECTION,13.5,65.1,103.8,99.9,22.5,31.6,2.3,10.0,2.5,9,2,3.0,4.6,6.8,8.4
12932,2025-05-22,Ahmedabad,Sabarmati,SBT_SECTION,5.8,50.6,24.0,34.5,37.3,56.8,4.4,0.0,0.0,5,3,1.6,7.8,8.1,2.9
12931,2025-04-04,Surat,Vadodara,BRC_SECTION,-2.0,68.1,92.5,84.3,36.8,44.9,3.2,5.2,0.0,8,4,0.0,7.0,5.5,5.1
12010,2025-04-11,Anand,Vadodara,BRC_SECTION,10.0,68.1,26.2,26.7,41.0,58.5,3.1,5.7,3.6,12,4,7.8,8.8,4.8,11.0
22953,2025-02-06,Bharuch,Surat,ST_SECTION,-2.0,79.5,11.6,10.2,36.2,53.9,4.0,2.7,1.8,8,3,3.3,11.3,7.5,-3.0
12952,2025-08-23,Anand,Vadodara,BRC_SECTION,5.7,48.7,47.7,59.8,53.0,61.9,3.8,9.3,2.0,5,5,12.6,8.9,0.8,10.5
22954,2025-10-06,Mumbai Central,Vadodara,BRC_SECTION,2.2,64.5,77.3,81.3,37.2,61.1,2.1,9.4,2.3,14,0,12.2,7.0,7.6,7.1
22953,2025-01-04,Delhi,Jaipur,JP_SECTION,-2.0,80.7,52.5,44.7,19.9,38.0,1.6,4.4,3.7,21,5,6.4,6.2,6.9,-3.0
12952,2025-11-24,Vadodara,Ahmedabad,ADI_SECTION,-2.0,69.6,94.4,83.2,36.4,59.3,2.5,14.1,2.7,16,0,0.3,5.5,6.5,5.5
12951,2025-03-31,Ahmedabad,Sabarmati,SBT_SECTION,9.4,74.6,17.6,15.0,16.5,40.6,2.9,3.2,0.4,12,0,0.0,9.1,12.1,3.9
22954,2025-05-24,Anand,Vadodara,BRC_SECTION,13.7,79.0,76.4,58.6,36.1,46.4,4.8,1.9,1.8,14,5,8.9,10.1,8.9,10.7
12951,2025-02-17,Anand,Vadodara,BRC_SECTION,4.4,59.1,52.6,59.9,23.4,46.7,4.2,6.0,2.5,22,0,10.6,4.1,3.2,6.8
12932,2025-05-21,Anand,Vadodara,BRC_SECTION,8.6,84.1,68.0,50.6,25.8,33.9,4.4,3.4,4.0,22,2,0.0,7.1,7.4,-0.9
12951,2025-01-20,Anand,Vadodara,BRC_SECTION,7.6,86.7,83.9,66.3,34.6,51.5,4.2,2.3,3.9,11,0,5.1,7.0,0.8,9.6
12931,2025-06-19,Vadodara,Ahmedabad,ADI_SECTION,6.0,59.0,81.8,84.0,35.2,53.9,1.4,1.1,2.7,17,3,0.0,2.6,8.3,7.9
12931,2025-11-22,Anand,Vadodara,BRC_SECTION,16.5,48.0,104.9,138.2,40.6,63.5,4.0,10.2,2.2,13,5,4.9,8.5,8.9,21.3
12951,2025-01-05,Surat,Vadodara,BRC_SECTION,6.0,67.4,33.8,37.3,42.3,66.5,5.8,5.9,3.6,10,6,0.0,4.8,3.3,5.2
12009,2025-04-07,Surat,Vadodara,BRC_SECTION,2.2,59.7,98.2,110.1,21.0,38.7,3.6,5.3,3.7,6,0,2.4,12.1,4.4,2.4
12931,2025-03-16,Vadodara,Ahmedabad,ADI_SECTION,2.5,70.4,70.7,64.6,35.8,44.9,2.3,14.6,3.4,20,6,0.7,4.9,0.8,12.6
12951,2025-05-23,Jaipur,Ajmer,AII_SECTION,-2.0,70.4,45.3,44.6,37.1,48.6,3.3,6.5,2.4,14,4,1.7,4.3,6.5,1.3
12009,2025-08-14,Vadodara,Ahmedabad,ADI_SECTION,6.9,60.1,84.9,89.6,35.1,43.9,6.5,0.0,2.6,15,3,11.3,15.4,1.7,10.1
12009,2025-01-01,Surat,Vadodara,BRC_SECTION,4.8,69.0,89.5,82.1,27.3,49.2,1.0,5.8,2.0,12,2,0.0,2.0,8.1,2.3
12010,2025-04-11,Vadodara,Ahmedabad,ADI_SECTION,1.7,75.7,66.4,52.8,37.2,58.7,4.7,3.8,1.7,21,4,3.4,15.6,5.2,3.2
12931,2025-12-29,Mumbai Central,Vadodara,BRC_SECTION,-2.0,55.1,52.6,59.6,36.1,52.4,5.0,6.8,1.3,11,0,2.9,11.7,3.0,1.4
12009,2025-09-10,Bharuch,Surat,ST_SECTION,3.1,70.8,119.3,112.0,27.0,42.3,4.8,4.7,3.5,18,2,0.0,9.9,1.5,2.6
22953,2025-12-26,Jaipur,Ajmer,AII_SECTION,9.1,63.9,63.9,68.7,46.9,65.4,2.4,8.1,4.9,11,4,0.0,5.0,6.7,7.6
12010,2025-09-09,Jaipur,Ajmer,AII_SECTION,8.5,62.3,58.5,70.2,26.6,47.3,3.7,8.2,0.0,18,1,7.4,8.3,5.9,7.0
12931,2025-05-13,Surat,Vadodara,BRC_SECTION,10.2,77.3,59.2,48.6,30.6,55.1,5.1,5.2,1.9,7,1,8.5,4.9,8.3,7.4
22953,2025-03-11,Vadodara,Ahmedabad,ADI_SECTION,18.4,87.5,40.5,37.8,37.8,59.2,6.0,6.4,1.2,16,1,8.8,2.0,2.1,17.0
12931,2025-06-16,Delhi,Jaipur,JP_SECTION,3.6,84.2,44.3,31.9,41.2,66.1,4.2,10.3,2.2,6,0,4.8,11.7,8.8,5.9
12932,2025-04-23,Jaipur,Ajmer,AII_SECTION,4.3,51.1,78.8,97.5,42.0,50.8,1.9,6.1,0.2,14,2,4.6,11.3,12.5,12.9
22953,2025-12-21,Surat,Vadodara,BRC_SECTION,13.1,67.6,78.0,86.1,23.5,43.5,4.1,2.8,2.0,9,6,7.0,11.3,4.5,7.7
12952,2025-11-17,Surat,Vadodara,BRC_SECTION,9.4,86.6,72.9,56.1,34.5,56.5,3.0,3.6,4.5,17,0,8.7,2.0,8.2,5.9
12931,2025-05-03,Surat,Vadodara,BRC_SECTION,-0.3,73.5,49.6,45.7,33.6,56.3,3.6,9.2,4.0,20,5,10.6,4.0,4.4,2.3
12951,2025-04-05,Delhi,Jaipur,JP_SECTION,14.5,72.3,74.1,71.1,38.2,50.8,3.6,14.7,0.0,12,5,1.9,8.5,6.5,14.0
12009,2025-02-03,Ahmedabad,Sabarmati,SBT_SECTION,0.3,74.5,35.5,40.6,23.8,37.5,3.2,8.3,3.4,5,0,0.0,7.2,1.9,-2.9
12010,2025-08-26,Mumbai Central,Vadodara,BRC_SECTION,18.7,46.9,107.5,146.6,37.2,50.6,2.6,11.0,2.4,7,1,6.2,9.4,6.2,21.8
12932,2025-09-10,Jaipur,Ajmer,AII_SECTION,11.3,78.4,22.4,16.3,37.4,49.4,4.3,11.3,4.3,19,2,0.0,2.0,3.8,5.8
12952,2025-06-27,Jaipur,Ajmer,AII_SECTION,5.2,67.8,57.1,55.7,31.4,53.7,1.0,7.5,2.9,17,4,0.2,10.7,3.9,8.3
22953,2025-06-22,Vadodara,Ahmedabad,ADI_SECTION,13.5,71.0,104.8,91.0,43.2,59.3,3.3,8.0,3.6,22,6,7.4,9.4,10.4,13.3
22954,2025-01-20,Ahmedabad,Sabarmati,SBT_SECTION,-2.0,83.7,16.9,15.0,33.8,48.1,2.3,6.2,2.9,20,0,2.3,12.6,4.6,-3.0
12951,2025-04-21,Ahmedabad,Sabarmati,SBT_SECTION,14.8,77.7,23.1,23.0,34.6,58.9,1.9,6.6,3.2,19,0,0.0,10.4,8.7,6.9
12931,2025-04-29,Vadodara,Ahmedabad,ADI_SECTION,11.4,80.5,104.1,79.1,30.8,45.5,2.3,1.2,3.4,10,1,0.6,7.6,7.6,8.6
12952,2025-11-17,Vadodara,Ahmedabad,ADI_SECTION,22.3,77.9,68.3,56.0,32.7,51.9,4.2,11.1,3.3,7,0,8.6,5.9,5.8,21.0
12009,2025-03-19,Vadodara,Ahmedabad,ADI_SECTION,6.6,63.5,44.3,50.8,39.7,61.0,1.3,15.0,0.0,12,2,3.9,3.3,10.0,6.6
12931,2025-04-16,Ahmedabad,Sabarmati,SBT_SECTION,14.7,76.4,55.4,48.3,41.3,53.9,3.5,4.8,0.7,21,2,6.3,7.1,5.7,13.8
22954,2025-05-28,Bharuch,Surat,ST_SECTION,-1.0,84.4,92.8,74.4,40.5,56.7,2.6,1.5,1.2,5,2,0.0,8.2,6.6,5.0
22954,2025-01-22,Anand,Vadodara,BRC_SECTION,9.4,62.0,86.1,89.6,29.9,54.3,3.3,8.3,1.7,6,2,8.8,11.7,4.3,9.2
12932,2025-08-05,Surat,Vadodara,BRC_SECTION,5.8,64.1,41.8,45.7,40.0,49.0,3.5,10.9,3.2,21,1,8.6,10.9,2.9,9.8
12009,2025-09-04,Anand,Vadodara,BRC_SECTION,16.4,63.5,30.2,36.0,36.0,47.7,2.8,4.9,3.5,22,3,0.0,3.7,11.6,16.3
12010,2025-05-24,Vadodara,Ahmedabad,ADI_SECTION,5.1,80.1,62.5,50.8,28.5,48.1,3.6,6.5,4.7,18,5,2.6,5.8,0.8,3.8
22953,2025-12-01,Bharuch,Surat,ST_SECTION,8.5,64.5,88.4,85.9,27.9,38.7,4.7,10.9,1.1,5,0,5.0,7.1,0.8,6.8
22953,2025-02-22,Ahmedabad,Sabarmati,SBT_SECTION,19.0,71.7,18.9,9.2,20.2,36.4,1.3,3.6,3.0,5,5,4.8,4.8,10.4,4.5
12009,2025-12-12,Anand,Vadodara,BRC_SECTION,4.5,63.0,47.6,53.9,29.8,44.2,2.9,4.7,1.0,7,4,9.2,6.9,7.1,8.6
12009,2025-12-23,Vadodara,Ahmedabad,ADI_SECTION,1.8,61.3,16.8,18.6,44.9,56.0,4.6,7.9,1.6,10,1,0.2,6.3,5.6,4.4
12010,2025-06-19,Jaipur,Ajmer,AII_SECTION,7.0,67.5,43.8,51.4,25.0,37.9,3.0,0.1,4.1,10,3,0.9,10.0,5.4,1.6
12932,2025-08-03,Mumbai Central,Vadodara,BRC_SECTION,-0.2,90.9,80.6,60.7,22.8,36.0,5.0,6.4,5.5,14,6,10.9,5.0,5.7,-2.0
12952,2025-06-24,Anand,Vadodara,BRC_SECTION,11.9,63.6,119.1,113.9,27.1,47.4,2.3,9.1,2.8,12,1,0.0,10.4,5.5,9.7
12932,2025-12-23,Jaipur,Ajmer,AII_SECTION,3.9,68.5,103.9,95.2,26.3,46.6,4.2,10.0,1.9,12,1,11.2,7.7,4.1,9.4
12931,2025-05-08,Mumbai Central,Vadodara,BRC_SECTION,9.0,88.5,16.7,16.6,41.8,60.1,4.3,4.5,3.8,21,3,11.7,13.2,5.9,12.1
12009,2025-05-14,Mumbai Central,Vadodara,BRC_SECTION,-0.6,92.3,91.8,59.2,15.0,23.6,2.6,1.2,3.6,19,2,10.0,9.0,2.9,-1.1
12951,2025-06-03,Jaipur,Ajmer,AII_SECTION,6.3,75.8,84.9,71.5,31.1,53.7,4.2,1.9,1.6,13,1,0.0,13.3,7.2,2.0
12009,2025-10-28,Anand,Vadodara,BRC_SECTION,10.8,68.2,97.6,87.2,48.3,63.0,3.7,14.6,4.5,16,1,0.0,4.8,4.7,11.0
12931,2025-11-22,Surat,Vadodara,BRC_SECTION,7.9,64.8,38.8,35.4,44.0,53.6,3.8,6.8,2.0,5,5,0.0,9.8,4.1,8.4
12951,2025-10-04,Surat,Vadodara,BRC_SECTION,2.8,46.7,21.2,28.0,42.1,58.4,5.0,0.0,1.3,8,5,2.6,13.9,0.8,8.1
12951,2025-12-08,Anand,Vadodara,BRC_SECTION,7.2,64.1,98.3,96.5,27.5,41.4,2.6,9.4,3.8,8,0,4.9,9.8,7.3,9.1
12010,2025-12-11,Jaipur,Ajmer,AII_SECTION,11.3,62.5,45.0,46.7,42.7,53.1,3.1,1.0,0.6,8,3,0.0,12.2,8.4,10.6
22953,2025-08-05,Anand,Vadodara,BRC_SECTION,-2.0,67.5,78.7,74.8,24.4,41.3,3.1,15.5,3.4,18,1,7.3,12.9,6.5,1.9
12951,2025-05-28,Vadodara,Ahmedabad,ADI_SECTION,6.9,60.8,96.5,103.4,30.7,48.5,3.6,7.9,5.2,6,2,2.4,4.8,1.8,3.1
22953,2025-07-16,Vadodara,Ahmedabad,ADI_SECTION,5.7,72.2,87.1,87.3,31.0,51.0,2.8,4.7,4.7,14,2,2.5,9.3,8.8,1.0
12009,2025-08-11,Delhi,Jaipur,JP_SECTION,5.1,67.1,54.2,51.9,17.2,35.1,5.1,6.1,2.1,19,0,3.2,10.0,0.8,3.3
22953,2025-06-13,Delhi,Jaipur,JP_SECTION,6.9,54.9,109.5,128.1,38.1,60.7,3.8,7.1,0.0,12,4,0.3,7.0,4.2,8.5
22954,2025-12-15,Ahmedabad,Sabarmati,SBT_SECTION,0.3,88.7,49.6,35.7,37.5,58.1,4.2,8.2,2.2,7,0,6.1,11.5,7.1,-1.2
22954,2025-07-02,Delhi,Jaipur,JP_SECTION,9.3,44.8,35.9,45.8,39.1,63.8,6.3,2.7,3.0,8,2,4.3,9.8,5.8,18.2
12010,2025-08-04,Bharuch,Surat,ST_SECTION,10.7,47.0,68.9,93.2,40.9,63.9,2.1,4.6,1.9,22,0,0.0,8.0,1.6,14.7
12009,2025-01-02,Ahmedabad,Sabarmati,SBT_SECTION,6.6,58.0,68.3,77.3,33.6,48.3,4.7,2.4,3.0,5,3,1.6,10.5,9.4,2.0
12931,2025-08-03,Delhi,Jaipur,JP_SECTION,5.2,71.8,74.8,70.1,39.6,54.4,4.7,3.1,2.4,7,6,2.6,4.7,10.3,7.3
12952,2025-10-13,Bharuch,Surat,ST_SECTION,-1.9,71.4,93.5,81.7,26.2,39.6,4.6,16.8,2.2,16,0,11.4,10.7,5.7,1.6
12951,2025-03-04,Vadodara,Ahmedabad,ADI_SECTION,15.7,61.1,31.9,40.7,29.6,41.1,3.6,2.8,3.8,22,1,10.5,7.9,2.6,11.0
12952,2025-06-03,Bharuch,Surat,ST_SECTION,14.3,71.9,78.2,69.3,42.3,58.3,3.6,3.9,2.3,11,1,3.2,9.1,1.1,16.1
22954,2025-01-01,Ahmedabad,Sabarmati,SBT_SECTION,5.9,65.4,78.7,71.9,36.6,45.0,4.7,4.7,2.2,15,2,10.7,14.8,10.5,6.2
12952,2025-08-06,Jaipur,Ajmer,AII_SECTION,-2.0,49.7,45.1,63.8,34.8,49.8,2.7,7.9,3.9,18,2,4.9,11.2,6.3,4.9
12952,2025-03-13,Delhi,Jaipur,JP_SECTION,-0.9,95.1,87.2,65.8,36.8,47.3,2.1,0.0,3.5,22,3,5.3,14.9,5.4,0.3
22953,2025-06-11,Jaipur,Ajmer,AII_SECTION,8.1,76.4,62.6,49.4,24.5,45.5,3.9,3.9,2.3,11,2,9.6,10.2,13.6,7.4
12952,2025-08-08,Vadodara,Ahmedabad,ADI_SECTION,8.6,76.4,66.4,55.6,35.9,49.3,3.8,6.8,2.6,10,4,8.4,7.3,6.0,7.0
22953,2025-09-21,Surat,Vadodara,BRC_SECTION,15.1,79.0,25.5,30.0,35.6,49.7,5.0,4.4,0.5,15,6,4.1,7.3,6.9,7.2
12951,2025-07-13,Ahmedabad,Sabarmati,SBT_SECTION,13.8,57.5,23.4,29.9,44.7,60.2,2.8,10.3,1.6,18,6,8.1,5.4,4.7,16.2
12009,2025-04-15,Delhi,Jaipur,JP_SECTION,23.0,70.7,114.8,102.0,20.6,42.9,4.1,9.5,1.6,6,1,7.4,4.6,3.5,12.8
12931,2025-04-06,Jaipur,Ajmer,AII_SECTION,4.9,78.4,43.7,32.5,33.8,58.6,1.9,6.9,4.9,11,6,2.6,10.9,8.9,5.6
22953,2025-08-12,Bharuch,Surat,ST_SECTION,6.7,66.6,25.3,28.9,40.3,63.1,2.7,6.4,4.3,16,1,2.7,4.2,7.2,2.4
12952,2025-08-12,Mumbai Central,Vadodara,BRC_SECTION,-1.7,66.3,39.4,34.7,35.4,56.4,3.7,3.7,0.7,13,1,1.7,9.5,9.6,-0.8
22954,2025-12-10,Delhi,Jaipur,JP_SECTION,0.9,71.7,75.2,73.7,29.4,44.3,3.7,6.1,2.4,6,2,0.0,6.8,8.5,2.8
12932,2025-02-20,Vadodara,Ahmedabad,ADI_SECTION,9.6,57.6,18.0,24.6,20.2,40.1,1.0,6.3,1.8,16,3,14.5,8.0,4.5,4.3
12010,2025-06-26,Surat,Vadodara,BRC_SECTION,16.8,56.4,63.1,67.5,34.0,49.4,4.0,10.7,3.9,9,3,8.4,14.1,2.1,19.9
12951,2025-07-25,Surat,Vadodara,BRC_SECTION,8.7,86.0,80.0,59.5,19.9,40.8,2.7,9.2,1.3,19,4,1.4,11.5,7.1,3.4
12951,2025-06-19,Ahmedabad,Sabarmati,SBT_SECTION,7.5,53.2,46.4,68.4,35.6,57.6,1.4,7.9,2.9,14,3,4.8,9.3,7.8,4.6
12931,2025-06-09,Surat,Vadodara,BRC_SECTION,6.4,37.8,16.0,29.4,21.2,34.9,4.5,5.6,0.0,6,0,1.6,12.0,4.0,-1.4
12951,2025-10-01,Jaipur,Ajmer,AII_SECTION,11.2,97.2,111.7,74.4,27.9,48.9,4.6,8.9,4.4,22,2,0.0,3.4,4.4,0.5
22954,2025-07-07,Delhi,Jaipur,JP_SECTION,3.9,51.4,104.9,124.5,40.3,62.0,3.5,0.2,0.8,7,0,2.6,7.4,8.5,8.9
22953,2025-09-12,Vadodara,Ahmedabad,ADI_SECTION,11.0,63.7,71.8,72.3,38.2,60.6,2.3,3.0,1.6,17,4,0.0,4.7,6.0,16.2
12951,2025-05-02,Surat,Vadodara,BRC_SECTION,12.4,60.4,16.0,23.4,37.2,58.1,1.1,5.9,4.2,22,4,2.4,12.8,5.0,9.9
12009,2025-04-23,Anand,Vadodara,BRC_SECTION,5.7,51.4,14.6,29.9,32.8,53.0,4.2,1.7,1.5,5,2,7.3,5.7,10.1,0.8
12010,2025-01-15,Anand,Vadodara,BRC_SECTION,9.8,63.3,53.9,62.6,34.0,58.3,3.4,9.1,3.2,15,2,11.0,8.3,2.1,6.1
12009,2025-08-24,Bharuch,Surat,ST_SECTION,-0.5,70.6,49.9,40.1,32.7,53.9,3.5,11.1,3.3,15,6,14.1,6.7,6.1,5.0
12952,2025-07-26,Surat,Vadodara,BRC_SECTION,8.8,46.8,51.9,70.3,36.2,60.0,1.9,11.8,2.3,8,5,0.0,9.6,4.1,10.1
12951,2025-07-17,Vadodara,Ahmedabad,ADI_SECTION,9.2,66.4,45.8,49.5,45.6,67.8,3.5,5.3,4.0,9,3,9.9,7.1,6.8,12.5
12010,2025-06-29,Ahmedabad,Sabarmati,SBT_SECTION,15.7,50.3,14.4,14.8,30.3,51.7,3.7,9.1,4.1,22,6,4.8,8.1,1.5,13.9
12952,2025-09-25,Bharuch,Surat,ST_SECTION,16.2,73.2,59.5,46.6,34.4,43.5,4.4,1.6,1.4,7,3,1.2,6.6,4.2,10.6
12931,2025-01-13,Delhi,Jaipur,JP_SECTION,8.4,71.5,16.5,22.2,29.3,42.5,2.8,4.5,2.6,12,0,2.2,6.7,10.4,2.1
12932,2025-04-09,Jaipur,Ajmer,AII_SECTION,7.2,85.4,52.4,38.3,35.0,54.4,1.7,9.3,2.0,5,2,9.2,7.4,4.8,6.4
12951,2025-09-19,Bharuch,Surat,ST_SECTION,2.1,87.7,45.1,42.8,22.0,37.8,3.9,6.2,0.5,20,4,5.9,9.5,5.7,4.7
12009,2025-11-01,Jaipur,Ajmer,AII_SECTION,6.1,71.3,14.1,14.7,44.3,68.6,2.5,8.3,1.9,19,5,7.9,5.9,5.6,11.3
12932,2025-10-15,Bharuch,Surat,ST_SECTION,13.0,75.8,87.1,73.3,45.5,62.4,3.0,5.6,5.7,6,2,12.7,4.8,10.9,11.0
12931,2025-05-13,Mumbai Central,Vadodara,BRC_SECTION,4.8,86.2,17.8,21.1,30.0,44.2,2.1,9.4,1.9,21,1,6.2,6.2,2.8,4.4
22954,2025-10-07,Vadodara,Ahmedabad,ADI_SECTION,3.6,50.2,107.5,132.9,35.1,59.9,4.2,6.1,2.9,12,1,6.1,6.7,8.6,7.0
12009,2025-03-04,Anand,Vadodara,BRC_SECTION,-0.6,63.6,117.5,118.3,39.6,49.0,3.5,1.1,1.7,18,1,0.0,6.2,5.6,2.6
12931,2025-12-26,Vadodara,Ahmedabad,ADI_SECTION,9.6,78.2,108.4,84.3,24.1,40.6,4.0,7.7,1.8,12,4,2.6,5.6,7.2,5.4
12952,2025-04-04,Mumbai Central,Vadodara,BRC_SECTION,-0.3,65.7,98.8,98.9,50.8,61.1,3.5,2.4,1.3,13,4,0.0,4.0,0.8,6.1
22954,2025-12-27,Delhi,Jaipur,JP_SECTION,-1.3,86.2,106.4,76.5,41.0,50.1,3.6,0.0,4.2,13,5,3.0,7.4,8.1,-3.0
12009,2025-01-05,Delhi,Jaipur,JP_SECTION,-0.6,58.6,17.3,24.9,45.5,61.1,2.8,6.7,3.7,14,6,2.5,4.3,8.0,2.9
12951,2025-07-22,Surat,Vadodara,BRC_SECTION,5.7,48.0,108.3,141.5,32.9,47.7,3.5,1.0,4.7,16,1,0.0,6.6,11.3,10.2
12951,2025-10-29,Jaipur,Ajmer,AII_SECTION,11.5,52.2,45.6,58.0,43.6,52.2,3.1,1.4,2.5,9,2,0.0,4.6,4.0,12.9
12932,2025-03-02,Anand,Vadodara,BRC_SECTION,9.8,64.6,73.7,69.3,34.7,54.4,3.9,1.6,2.9,12,6,4.8,13.6,4.7,10.7
12009,2025-02-05,Vadodara,Ahmedabad,ADI_SECTION,12.7,55.6,54.9,63.7,31.8,53.5,3.0,5.0,5.0,15,2,7.9,6.0,3.9,10.1
22954,2025-02-23,Vadodara,Ahmedabad,ADI_SECTION,7.9,61.2,41.7,49.5,23.2,34.1,4.2,11.4,2.8,11,6,0.9,10.2,4.6,4.9
12009,2025-12-06,Surat,Vadodara,BRC_SECTION,8.4,82.3,32.8,26.6,23.0,38.1,3.3,4.0,5.1,13,5,10.3,7.0,5.4,4.1
12010,2025-06-01,Jaipur,Ajmer,AII_SECTION,3.3,55.0,102.6,123.3,42.5,52.3,3.1,9.9,0.0,9,6,0.0,6.5,5.6,7.2
12951,2025-03-27,Bharuch,Surat,ST_SECTION,11.9,73.1,79.1,66.8,30.6,46.0,2.6,6.2,4.6,15,3,2.9,8.2,11.9,5.0
22954,2025-11-16,Ahmedabad,Sabarmati,SBT_SECTION,-2.0,80.7,43.9,38.0,37.9,51.0,3.5,2.9,0.7,7,6,4.2,7.9,2.2,1.4
22953,2025-05-27,Surat,Vadodara,BRC_SECTION,11.1,78.6,112.5,90.2,39.8,53.4,5.2,7.0,2.6,20,1,10.4,6.1,5.1,10.7
12009,2025-11-12,Mumbai Central,Vadodara,BRC_SECTION,15.6,68.1,79.6,72.1,40.4,54.3,3.5,11.5,3.4,16,2,0.0,5.1,5.6,10.1
12010,2025-08-22,Delhi,Jaipur,JP_SECTION,8.1,93.6,31.7,23.8,40.1,52.2,3.5,1.7,2.2,8,4,5.6,16.1,6.0,3.6
12951,2025-04-05,Jaipur,Ajmer,AII_SECTION,1.8,60.3,65.4,66.0,25.0,44.4,3.3,0.0,0.0,13,5,0.0,5.1,0.8,4.4
22954,2025-06-21,Jaipur,Ajmer,AII_SECTION,12.2,71.2,67.6,59.6,49.1,65.1,3.4,13.9,0.2,9,5,4.9,10.9,6.0,15.7
22954,2025-11-02,Surat,Vadodara,BRC_SECTION,4.2,73.0,112.6,94.1,33.4,54.3,4.9,11.2,2.1,9,6,7.8,10.4,9.7,2.2
12931,2025-09-22,Mumbai Central,Vadodara,BRC_SECTION,6.9,61.0,85.3,92.0,24.8,41.5,4.1,4.2,3.3,18,0,0.0,8.0,6.8,5.3
12952,2025-09-10,Surat,Vadodara,BRC_SECTION,8.8,65.9,63.3,64.0,33.8,51.2,2.3,7.9,0.0,13,2,7.7,7.6,6.7,9.2
12952,2025-02-06,Mumbai Central,Vadodara,BRC_SECTION,7.9,67.9,116.5,105.5,32.4,53.4,4.8,4.0,0.7,16,3,0.0,4.4,5.3,5.3
12952,2025-02-22,Mumbai Central,Vadodara,BRC_SECTION,16.1,63.1,83.0,84.2,44.0,60.1,3.6,10.5,2.9,19,5,9.7,7.0,10.2,16.3
22954,2025-12-31,Mumbai Central,Vadodara,BRC_SECTION,8.6,76.7,14.7,16.8,31.0,41.1,2.3,6.5,1.5,7,2,0.0,7.7,9.4,7.6
12010,2025-05-26,Vadodara,Ahmedabad,ADI_SECTION,3.7,81.3,91.2,69.9,32.6,53.0,6.2,0.0,4.0,11,0,11.1,8.8,6.5,2.9
12932,2025-07-27,Mumbai Central,Vadodara,BRC_SECTION,3.0,55.2,10.8,14.1,31.3,47.3,2.6,9.4,0.4,11,6,8.2,8.1,9.8,-1.1
12010,2025-07-11,Mumbai Central,Vadodara,BRC_SECTION,7.5,91.4,58.3,41.1,19.6,39.7,4.7,4.9,3.2,14,4,5.5,2.0,8.4,-3.0
12951,2025-12-26,Bharuch,Surat,ST_SECTION,13.1,84.8,24.0,21.0,27.9,46.3,3.1,7.1,3.7,13,4,1.5,7.0,7.8,9.1
12951,2025-08-27,Mumbai Central,Vadodara,BRC_SECTION,9.0,78.1,58.4,46.2,34.2,43.9,3.5,2.3,1.6,21,2,7.2,3.1,7.6,8.7
12009,2025-09-04,Mumbai Central,Vadodara,BRC_SECTION,2.0,69.2,76.5,74.1,35.4,58.6,5.1,14.6,2.8,7,3,0.0,7.1,12.4,8.6
12951,2025-09-29,Surat,Vadodara,BRC_SECTION,6.6,81.3,89.5,71.9,33.6,50.7,4.1,4.3,2.0,14,0,7.2,8.2,10.0,0.2
12932,2025-10-20,Vadodara,Ahmedabad,ADI_SECTION,7.4,66.1,92.5,89.2,32.9,51.8,4.2,6.2,2.6,8,0,7.2,5.7,4.9,6.2
12932,2025-09-19,Vadodara,Ahmedabad,ADI_SECTION,5.1,65.5,103.4,103.4,35.0,55.4,1.4,1.4,1.6,7,4,0.0,9.1,8.0,3.9
12010,2025-05-01,Vadodara,Ahmedabad,ADI_SECTION,12.6,72.1,47.3,41.5,40.6,49.2,6.6,3.0,4.1,5,3,1.3,11.0,9.2,10.6
22954,2025-01-09,Surat,Vadodara,BRC_SECTION,7.5,83.2,105.3,86.0,29.0,41.7,3.1,10.5,1.9,10,3,0.6,10.1,5.6,4.8
12009,2025-04-11,Vadodara,Ahmedabad,ADI_SECTION,6.3,86.5,50.0,44.7,20.2,37.7,4.1,0.7,2.7,7,4,0.0,9.4,3.8,-2.6
12951,2025-03-03,Jaipur,Ajmer,AII_SECTION,10.3,56.7,70.6,82.3,29.1,42.0,3.2,5.7,3.6,21,0,13.7,7.5,12.5,16.7
12952,2025-10-06,Anand,Vadodara,BRC_SECTION,3.0,55.9,105.8,119.1,30.0,40.3,4.1,10.4,6.3,8,0,4.4,7.9,4.1,10.7
22954,2025-12-07,Bharuch,Surat,ST_SECTION,4.6,79.4,22.7,24.6,37.4,59.6,3.7,10.0,2.7,16,6,2.1,8.4,8.2,-0.3
22953,2025-11-10,Delhi,Jaipur,JP_SECTION,8.6,71.7,101.0,90.7,44.9,60.6,3.2,12.3,2.3,21,0,0.0,5.6,4.6,11.1
22954,2025-05-25,Delhi,Jaipur,JP_SECTION,10.8,58.2,117.5,130.7,28.0,39.6,2.9,5.0,1.4,18,6,4.3,5.0,3.5,18.3
22953,2025-02-08,Ahmedabad,Sabarmati,SBT_SECTION,4.1,65.7,32.9,34.4,34.6,44.5,3.4,7.1,3.0,16,5,0.1,7.7,8.0,-3.0
12951,2025-08-28,Mumbai Central,Vadodara,BRC_SECTION,3.3,84.1,72.7,62.1,31.6,44.0,3.0,10.7,3.4,18,3,10.5,5.2,5.6,3.6
12931,2025-11-02,Mumbai Central,Vadodara,BRC_SECTION,8.9,71.8,79.7,69.3,40.3,51.3,4.9,6.9,3.1,6,6,0.0,7.2,5.5,6.4
12951,2025-10-16,Ahmedabad,Sabarmati,SBT_SECTION,0.7,27.4,38.2,75.1,29.1,49.1,2.8,7.2,0.7,12,3,0.0,7.9,7.7,3.8
22954,2025-07-06,Vadodara,Ahmedabad,ADI_SECTION,-2.0,37.6,43.8,75.0,27.1,40.8,4.5,0.9,1.5,16,6,9.4,10.5,7.0,0.3
12931,2025-12-20,Anand,Vadodara,BRC_SECTION,13.7,63.3,43.3,45.3,37.3,59.6,4.0,10.9,1.9,14,5,9.4,7.3,6.7,11.3
12951,2025-12-15,Mumbai Central,Vadodara,BRC_SECTION,3.5,50.5,81.5,99.7,39.7,53.6,4.1,9.7,3.4,7,0,5.9,11.1,2.9,6.5
12932,2025-11-16,Jaipur,Ajmer,AII_SECTION,12.2,78.4,43.7,36.3,54.2,73.5,2.9,5.4,2.9,15,6,2.7,9.5,4.7,10.5
22953,2025-04-28,Vadodara,Ahmedabad,ADI_SECTION,13.3,51.1,44.8,58.4,36.0,52.3,3.7,9.5,0.7,13,0,6.6,9.6,5.9,18.0
12931,2025-03-03,Anand,Vadodara,BRC_SECTION,8.2,64.4,19.0,18.5,15.0,28.8,5.3,0.9,0.0,22,0,2.4,13.2,12.2,1.0
12932,2025-10-23,Anand,Vadodara,BRC_SECTION,-2.0,73.7,118.8,108.5,38.3,55.8,3.9,6.2,2.1,8,3,10.2,8.3,5.1,0.6
22953,2025-04-23,Jaipur,Ajmer,AII_SECTION,11.1,85.5,42.5,38.1,36.7,52.1,1.8,7.9,1.6,7,2,2.1,7.0,0.8,7.1
12009,2025-07-09,Bharuch,Surat,ST_SECTION,-1.1,76.1,103.7,86.1,27.1,37.0,4.1,8.5,3.8,12,2,0.0,10.5,8.0,-3.0
12951,2025-08-10,Mumbai Central,Vadodara,BRC_SECTION,0.2,77.5,100.9,83.8,27.8,40.5,3.2,2.6,2.6,5,6,10.4,9.9,5.4,-3.0
22953,2025-06-28,Ahmedabad,Sabarmati,SBT_SECTION,12.1,75.9,50.4,52.6,27.5,45.1,2.9,9.5,2.4,20,5,7.0,13.0,4.6,5.0
12010,2025-05-04,Surat,Vadodara,BRC_SECTION,10.2,85.1,16.7,15.7,30.2,45.7,4.0,2.7,1.3,9,6,7.0,7.5,7.2,9.6
22954,2025-08-25,Jaipur,Ajmer,AII_SECTION,8.8,73.3,29.5,28.8,30.6,51.0,1.0,5.2,0.7,21,0,8.7,4.6,4.2,11.0
22954,2025-06-04,Jaipur,Ajmer,AII_SECTION,9.7,67.6,90.5,84.4,40.4,59.6,4.0,3.3,1.3,22,2,11.4,5.2,15.1,3.7
12951,2025-06-06,Anand,Vadodara,BRC_SECTION,3.7,63.5,108.0,100.6,49.7,67.6,2.6,2.9,0.9,19,4,6.2,12.4,5.0,15.2
12951,2025-12-15,Anand,Vadodara,BRC_SECTION,1.0,67.5,115.9,105.8,27.6,40.0,4.9,8.1,0.2,12,0,7.9,8.7,7.8,1.8
12952,2025-08-26,Surat,Vadodara,BRC_SECTION,7.8,67.2,46.7,42.5,23.4,34.2,3.7,7.1,6.0,16,1,9.3,5.4,9.7,8.7
12932,2025-12-08,Surat,Vadodara,BRC_SECTION,-1.5,82.8,80.2,63.8,16.1,27.6,2.7,3.9,4.3,19,0,1.6,9.4,11.5,-2.5
22954,2025-04-26,Ahmedabad,Sabarmati,SBT_SECTION,-2.0,84.0,32.9,24.9,15.0,33.3,4.1,3.8,5.6,22,5,5.2,7.4,8.6,-3.0
12009,2025-09-08,Ahmedabad,Sabarmati,SBT_SECTION,19.7,49.2,86.6,105.9,36.4,58.1,1.1,6.6,4.5,12,0,0.0,13.2,2.5,16.0
22954,2025-09-09,Anand,Vadodara,BRC_SECTION,10.2,80.9,78.0,74.4,39.5,54.3,3.9,5.0,4.8,16,1,6.4,11.3,4.6,7.7
12951,2025-12-26,Anand,Vadodara,BRC_SECTION,-2.0,77.0,98.7,80.9,41.7,65.4,4.3,5.7,2.9,5,4,7.6,7.6,6.4,6.1
12932,2025-10-10,Jaipur,Ajmer,AII_SECTION,0.5,55.8,97.6,111.5,37.3,62.3,4.0,14.2,1.9,21,4,1.2,4.3,4.6,7.9
12951,2025-03-17,Vadodara,Ahmedabad,ADI_SECTION,11.1,70.5,117.5,108.3,31.6,43.8,4.3,14.1,6.4,5,0,9.7,8.9,13.0,9.6
22954,2025-05-23,Delhi,Jaipur,JP_SECTION,6.1,51.2,55.0,70.4,18.9,27.9,5.2,7.7,2.6,20,4,5.8,5.7,3.0,2.3
12932,2025-10-31,Delhi,Jaipur,JP_SECTION,13.7,72.2,62.6,58.4,22.7,45.9,3.9,0.0,3.8,10,4,4.3,12.9,0.8,8.4
12010,2025-02-13,Vadodara,Ahmedabad,ADI_SECTION,10.0,69.2,99.7,87.6,35.9,55.4,1.7,7.4,3.9,21,3,5.1,10.3,5.8,5.9
12931,2025-02-20,Surat,Vadodara,BRC_SECTION,4.5,78.7,44.5,38.6,27.2,44.3,4.2,7.8,3.4,5,3,13.5,3.7,5.3,7.2
12009,2025-03-31,Jaipur,Ajmer,AII_SECTION,3.7,55.9,40.9,57.6,37.1,51.8,3.0,2.6,3.0,8,0,1.5,6.8,5.2,5.8
22953,2025-11-13,Surat,Vadodara,BRC_SECTION,20.1,78.4,90.6,67.3,27.8,49.7,2.2,0.0,0.8,10,3,1.4,8.7,5.8,8.1
12952,2025-05-06,Mumbai Central,Vadodara,BRC_SECTION,1.8,68.9,99.4,89.1,35.2,55.9,5.1,2.5,3.2,9,1,6.0,12.4,8.8,8.7
12932,2025-01-10,Mumbai Central,Vadodara,BRC_SECTION,5.0,65.5,12.7,12.7,33.3,48.6,3.5,8.3,1.3,19,4,2.9,2.0,8.8,3.1
22954,2025-05-13,Bharuch,Surat,ST_SECTION,2.0,65.6,102.0,102.9,24.8,46.8,4.3,9.0,1.7,17,1,0.0,3.0,2.1,-0.3
12010,2025-06-01,Jaipur,Ajmer,AII_SECTION,6.7,81.7,116.2,85.7,40.4,52.9,3.6,10.3,3.4,17,6,9.6,9.7,1.5,8.4
12931,2025-10-08,Anand,Vadodara,BRC_SECTION,13.4,59.5,75.9,82.4,24.8,48.4,4.2,9.5,4.2,22,2,5.2,4.7,0.8,12.7
12009,2025-05-27,Bharuch,Surat,ST_SECTION,1.4,84.4,106.1,82.4,21.1,32.2,3.9,9.8,1.1,16,1,2.1,10.5,2.8,-0.5
12932,2025-01-19,Mumbai Central,Vadodara,BRC_SECTION,3.6,63.1,104.6,109.7,20.9,34.5,2.9,0.0,1.2,8,6,5.2,10.1,7.0,4.7
12932,2025-01-08,Mumbai Central,Vadodara,BRC_SECTION,10.1,56.4,34.1,40.6,23.0,33.4,2.6,0.0,2.6,17,2,2.2,2.0,3.5,6.3
12931,2025-03-25,Mumbai Central,Vadodara,BRC_SECTION,5.9,59.9,81.2,83.4,47.9,72.7,3.5,5.6,1.7,22,1,2.2,6.3,5.4,9.7
22954,2025-06-05,Vadodara,Ahmedabad,ADI_SECTION,7.1,56.0,45.8,55.0,37.0,58.5,3.1,10.3,3.7,11,3,0.0,7.7,11.5,5.2
12932,2025-06-01,Anand,Vadodara,BRC_SECTION,6.9,89.2,38.9,30.4,21.7,40.2,3.7,13.5,3.5,12,6,10.2,14.4,7.0,8.8
22954,2025-08-17,Ahmedabad,Sabarmati,SBT_SECTION,6.2,49.9,78.1,99.5,22.1,44.3,2.9,5.0,3.8,14,6,5.9,4.0,7.0,2.0
12951,2025-02-10,Delhi,Jaipur,JP_SECTION,10.3,43.7,34.6,55.2,38.6,52.4,2.3,5.4,4.9,7,0,0.0,2.0,8.8,10.1
12009,2025-12-07,Delhi,Jaipur,JP_SECTION,10.7,67.2,91.0,86.2,25.9,46.6,1.8,0.0,3.2,6,6,0.0,7.3,10.1,4.6
12952,2025-01-12,Bharuch,Surat,ST_SECTION,6.7,58.2,53.9,58.4,29.9,40.0,3.3,4.3,4.6,7,6,6.2,4.5,7.0,7.6
12010,2025-09-25,Mumbai Central,Vadodara,BRC_SECTION,7.2,62.7,32.7,34.4,25.1,41.2,3.8,5.9,3.2,5,3,14.1,5.6,8.4,6.7
12009,2025-02-04,Delhi,Jaipur,JP_SECTION,11.6,77.7,111.7,87.6,35.8,46.7,4.2,4.5,3.7,5,1,13.8,12.2,6.5,9.9
12951,2025-08-06,Bharuch,Surat,ST_SECTION,11.8,70.1,12.1,18.9,35.6,50.6,6.5,1.2,2.6,7,2,5.6,8.7,3.2,12.0
22954,2025-09-30,Bharuch,Surat,ST_SECTION,11.8,53.7,75.8,86.5,24.3,36.1,4.9,10.6,5.1,5,1,5.8,10.6,4.5,6.8
22954,2025-08-06,Ahmedabad,Sabarmati,SBT_SECTION,14.6,33.9,89.8,168.8,31.7,42.3,5.9,3.9,2.8,21,2,1.1,10.8,5.7,14.6
12951,2025-01-23,Mumbai Central,Vadodara,BRC_SECTION,-2.0,84.5,55.2,48.5,29.5,38.6,2.6,0.4,5.8,12,3,0.0,7.4,4.0,-3.0
12931,2025-05-09,Mumbai Central,Vadodara,BRC_SECTION,8.2,86.0,30.8,25.4,42.1,64.9,5.4,2.1,1.3,12,4,2.4,6.5,3.3,1.0
22954,2025-07-11,Surat,Vadodara,BRC_SECTION,5.4,62.3,98.6,101.0,41.3,52.9,3.5,0.0,0.7,7,4,13.4,3.2,9.5,8.4
12952,2025-02-20,Vadodara,Ahmedabad,ADI_SECTION,13.3,70.5,113.1,103.5,30.5,40.4,3.6,0.0,2.5,13,3,9.2,3.3,2.8,11.3
12009,2025-10-05,Bharuch,Surat,ST_SECTION,11.4,64.1,11.6,13.3,25.6,46.8,3.4,4.5,2.2,21,6,12.7,11.4,6.3,10.1
12931,2025-02-14,Bharuch,Surat,ST_SECTION,4.7,69.4,50.7,53.9,37.0,55.9,2.9,1.9,3.3,5,4,5.8,5.1,5.5,3.8
22953,2025-06-01,Anand,Vadodara,BRC_SECTION,8.4,69.3,100.7,89.3,29.1,44.2,4.1,7.8,2.2,10,6,0.0,6.9,6.2,7.8
12010,2025-11-07,Anand,Vadodara,BRC_SECTION,8.1,69.3,23.4,23.0,34.0,53.2,5.3,4.1,2.1,14,4,6.8,12.0,6.8,10.5
12951,2025-06-09,Ahmedabad,Sabarmati,SBT_SECTION,14.2,70.0,22.2,28.4,24.7,40.5,7.6,5.1,0.9,7,0,7.2,6.1,9.7,5.6
22954,2025-09-21,Anand,Vadodara,BRC_SECTION,1.7,77.7,57.7,46.9,26.3,35.9,5.4,9.7,1.3,22,6,6.1,6.6,5.6,-3.0
12932,2025-03-22,Bharuch,Surat,ST_SECTION,20.3,60.1,73.3,85.2,38.4,46.4,2.5,12.4,4.8,19,5,6.0,6.7,10.8,18.0
12931,2025-03-01,Vadodara,Ahmedabad,ADI_SECTION,1.5,63.7,44.9,41.9,23.3,44.5,2.1,0.0,0.1,18,5,0.0,7.8,7.4,1.3
12932,2025-09-07,Surat,Vadodara,BRC_SECTION,8.3,60.8,84.9,99.5,25.9,42.1,2.7,2.3,0.6,9,6,0.7,5.0,7.0,7.7
12010,2025-04-09,Anand,Vadodara,BRC_SECTION,1.3,81.3,15.6,10.0,34.1,42.5,3.6,3.9,0.7,10,2,3.1,6.6,7.5,1.3
12952,2025-04-28,Mumbai Central,Vadodara,BRC_SECTION,7.9,79.9,94.5,80.8,17.1,41.6,3.8,2.6,0.0,10,0,10.6,15.8,10.1,9.9
22953,2025-08-26,Delhi,Jaipur,JP_SECTION,3.5,74.9,59.6,47.5,22.9,43.3,6.0,10.0,1.9,15,1,5.8,4.3,5.9,3.7
12010,2025-10-30,Mumbai Central,Vadodara,BRC_SECTION,4.0,71.8,92.5,82.8,28.4,50.2,4.4,9.7,2.7,6,3,4.9,16.7,9.1,6.2
22954,2025-09-12,Surat,Vadodara,BRC_SECTION,2.6,73.1,42.5,38.1,28.0,51.1,3.2,5.2,0.7,13,4,7.9,10.7,9.3,5.8
12952,2025-03-21,Vadodara,Ahmedabad,ADI_SECTION,8.3,77.8,78.7,64.6,36.8,47.0,4.0,6.4,1.6,5,4,0.0,8.7,8.0,11.3
12952,2025-12-03,Anand,Vadodara,BRC_SECTION,5.0,63.6,61.1,64.6,29.4,52.1,2.8,1.5,3.9,13,2,9.7,8.5,13.3,0.9
22954,2025-05-09,Delhi,Jaipur,JP_SECTION,8.8,62.6,86.4,93.1,27.6,38.6,3.9,6.2,1.8,8,4,3.0,5.6,2.5,3.3
12009,2025-02-08,Jaipur,Ajmer,AII_SECTION,2.1,74.9,107.9,84.5,42.0,66.3,3.6,4.2,2.7,16,5,3.6,16.5,4.4,10.4
12932,2025-08-05,Mumbai Central,Vadodara,BRC_SECTION,9.6,74.5,117.4,95.3,43.3,52.9,3.3,8.5,2.3,17,1,0.1,4.9,2.3,14.9
12931,2025-03-10,Vadodara,Ahmedabad,ADI_SECTION,8.7,51.7,73.7,93.1,20.2,34.3,2.9,1.7,1.5,22,0,7.3,8.5,3.7,8.5
22954,2025-06-21,Anand,Vadodara,BRC_SECTION,2.9,74.4,94.3,82.1,49.8,69.6,4.7,3.2,2.3,9,5,7.1,9.3,5.7,6.9
12009,2025-05-10,Surat,Vadodara,BRC_SECTION,2.0,68.6,50.9,50.2,26.9,50.3,3.6,0.0,0.5,20,5,5.3,8.1,1.3,6.6
12931,2025-07-04,Vadodara,Ahmedabad,ADI_SECTION,3.4,75.1,39.3,33.7,16.3,28.2,3.0,2.1,1.9,8,4,0.0,4.9,5.6,0.7
12952,2025-12-26,Vadodara,Ahmedabad,ADI_SECTION,12.3,67.4,42.8,41.7,30.2,55.0,2.8,6.9,1.3,16,4,4.6,6.1,2.7,5.2
22953,2025-01-29,Vadodara,Ahmedabad,ADI_SECTION,17.7,70.8,16.9,19.6,38.9,62.4,3.6,4.8,2.0,12,2,2.0,6.3,6.1,7.0
12932,2025-10-21,Bharuch,Surat,ST_SECTION,11.1,79.1,79.7,69.0,30.5,44.5,1.2,5.9,3.7,10,1,6.3,10.0,2.3,6.8
12009,2025-08-16,Anand,Vadodara,BRC_SECTION,19.2,73.6,50.0,49.7,54.1,71.3,2.3,3.4,3.8,13,5,0.0,9.7,9.7,15.6
12932,2025-06-11,Jaipur,Ajmer,AII_SECTION,2.7,86.8,20.1,17.6,27.8,45.7,4.8,4.0,0.0,19,2,3.5,7.7,8.5,4.9
12009,2025-09-18,Anand,Vadodara,BRC_SECTION,-2.0,77.5,98.5,76.8,27.3,43.2,5.2,13.2,1.4,10,3,8.1,7.0,2.6,9.0
12952,2025-08-21,Vadodara,Ahmedabad,ADI_SECTION,8.9,66.8,28.1,31.8,15.0,24.3,4.4,4.8,1.1,6,3,0.0,10.5,3.0,2.0
12952,2025-09-06,Ahmedabad,Sabarmati,SBT_SECTION,16.7,74.0,97.0,82.6,34.8,49.9,2.2,2.4,0.7,8,5,0.0,4.6,4.6,12.3
12931,2025-04-02,Ahmedabad,Sabarmati,SBT_SECTION,5.4,74.4,64.4,60.1,30.1,49.0,5.7,5.8,2.9,6,2,6.0,2.0,6.2,-3.0
12009,2025-05-19,Anand,Vadodara,BRC_SECTION,10.1,45.4,83.3,123.3,27.9,51.7,4.2,0.0,6.4,9,0,0.0,5.7,7.3,6.6
